addr,staked
kujira1004mqvtqkckwzq0dkappks9ngf6ecc7zh9qs7d,328
kujira100qzgua43fysqhwjghnzrxmj8mg5kd0sl3pzu2,89
kujira100y2dgjmdr3vs4qpv5jgqvcyxtwlpl0a04jc32,1000
kujira100ywfax95u9c6mndxzuqkq2fdkv7f6pqzrzldp,500
kujira1026gzpe0upqf7x4qmg47az7ryyxmrvfzylugwe,906
kujira102pvaulwrfh0emujutc4nedgyppkyupun7d47v,374
kujira1037w0kq7xwv87sg52qahwswsnreqng7qxu4u3p,1570
kujira1038flrfq0ta8j477se04de6s6gxqw84y67m7cx,243
kujira103l025fw2x7d8k8px7d07vu667x0h5p5apj0np,10
kujira103n0x78hlqg0egzg2932ya9kcwaq9js478rp4r,118
kujira103verdnv4pzztty50ua7gs5gj25l2gwugp38vj,277
kujira1050qwh97mqrl8j8f8taq62mecp4k8w9tapjzy5,2635
kujira105v38cuhcj783d284qu2w8k6m0ddzg252jwsdt,5
kujira105yqjjdgl00nzwyj9aua98zgetdn4qyhlcgtnt,1667
kujira106xmqnkq55cfmxc3l892cm3csr0py6wrvm9t3u,1181
kujira107duet5hlzg48v8vxv6uq9k56rgua28f0mkevg,44
kujira107haru062a4zea3ll89ckcdgzdrqq33zaul7my,1309
kujira107nwycwfffylt7avx8xyxdpqzh7w5r2xflj6t5,33
kujira107r0ylq95jdantsxr2v376s3mu0ufh6gd6x8fx,100
kujira107t3km9mthl93axtpqfsfavkguk7333tenf67c,27
kujira107w5anewt657ak28d52nljdjkzu4mmk03f6ep0,14
kujira1084tlcxdev5d54ccy3f6j8a26hgzh2acjdpxfu,39
kujira108a3mqnnyv86neuh2q4vdlu33ja7fhqu7fjupz,126
kujira108syepla3s5dlnfmw6f85jl24xf99cqud0f5et,2
kujira10akrgknk35puyv22mgg6unqwtymh79ck29km45,740
kujira10datnnlcjmrdl37ka0g4u83chvxpfafmx9q3rr,21
kujira10dj5r8338wztzn3q3vudaccqzadl6nthkn0lev,2
kujira10ehs4l5qyjgvvhgdzstl9a5wnmj3pg0cpeqpg7,80
kujira10f6ztvsg8a2fwnuggzhpwpezg9sp6tc3rfrjce,5
kujira10gspc953t0smgs4as886varkatcmjrgsypdejh,95
kujira10hakm58g6cf5vrrmtme2dlxgwjj073052ctpz6,174
kujira10he942d029gswkvqq57whh3suk5ruj6upvr8fe,2
kujira10hlrdak95wcvlke2uxux5tkjljl9m4g8ezfusq,52
kujira10hncce2cs2hlv7l4djw4syhx0sevdz92327430,16
kujira10hvz04hh92xzct5hxnpsn5h2fp3p4ammdl7srw,2
kujira10jej4dvnnj4wn5nfegx3js2lhaya7yd3uwqnrk,213
kujira10jt37hualker4s6hjhyt3rv3ue2cnvazez92p6,8487
kujira10k4ncs4vu97fd4jtvrhusdr4c2lg5xac5vdh3l,467
kujira10lnxkvncgdxqv8z8aee9pvyf9h8ddcml8ahdfn,501
kujira10lp0ehzrmf3gq2vjumk4vw452u44tjhy8cpzgc,111
kujira10lz5n6tv7hswsm4m3mj5fs5x0h6lt2w4tncsdg,5000
kujira10lzerk7zryjtjwn4qd4e92g5pprx6td4vz8kzw,2
kujira10n9r03v8sap9y26apgp2t5fwdy4e37h4aqr349,101
kujira10ndj4f0nzxjd5yywmunme3kd2a73vxr7wfdfea,123
kujira10nfcn2f36ltg3u5ysnc2ym3j5a3lvxy7hmkcfx,23
kujira10npzhpnxjy6374wacstf7mydaj773q4ause7mz,122
kujira10q8thyc60mq2qp88stsjmg3tw3quel65kkv6rn,123
kujira10r5nydhvaam5ae99u4js8u96v4nnhmymxpnzk7,57
kujira10rcty69a02nv4sl8wmywwmyn66jgs20835vqja,400
kujira10rx4suuy4qy7dx4wl4x7kwvsv6f5y6a3efpqx5,59
kujira10taytrle2a3kxh9qt74xhdsxcfges8w530wj5w,44
kujira10u9gk7e8zk8pnc2w74wfumgdcq6s0mv9aww27l,174
kujira10upev0t5zl7ta052ezye3wc2le6qd6cph6pmqq,2937
kujira10uqr9l5ervcxp8xz398wspnr6fer0uy5d5udqa,12
kujira10us6k0d9c8dc3lnssa0gwlsk6sumya6asfd7e4,6
kujira10uuc4w6dummtyjrqnxuvzw63lcc2fzpq7y4787,2
kujira10uuvpq4s34ku9ask6jrt8ax54uxw72yccv9vnn,10000
kujira10vkqhhwu6cyp05kx0k2dfh3fyd562jggrn6gc9,31
kujira10w30cdg3pwyz5ghphs6vczt2athulu7tahazuc,325
kujira10wedlrq3xhf3n73e7k790wn9zrt2rtea2q89d6,1400
kujira10weeg4tvhcqefl3ftyjlz5p32ykeeke6hc6v7l,603
kujira10whf84w3laratexqzcv53q6hdjewlllkf3fmmj,5120
kujira10wshj6t50lf3808n2pwctxcl8n9j7ftmnl3d82,773
kujira10zcrxlqdh4f3tv6gl2felanz3xzsnktq2ldmml,6
kujira10zjtx5tyanvzhlm003el8j2z643778x9z6y0h4,43
kujira120ccruea2enrgmx2krdd5u8r2y0lnvh37lv09w,105
kujira120v78s0lf7umdmwnhct202ke37r9ymneukl255,3
kujira122esu76xehp8sq9t88kcn666ejjum5g5j5xxmt,150
kujira122jsxrat2g7n49wxtvvzhajglenuy3sm4fmvft,11001
kujira124dgmprer5j042n05hcafdl6zgys4p645xv3a8,8318
kujira125dxj9etcaqh3sngytj8t29kjvm8d2pvxk7pwc,1
kujira125k9k80swkdcngftsfawc4z83urq0a3y0890vh,500
kujira1265ft802n6jnekcskvymr5tcnkawdzdf6n8p4j,500
kujira127ju3sedue92nrnv28g8dqsrarlgx3we3kyvld,50
kujira127urzragcnyrd2a4274qu06m2uajvpzdjptak3,4971
kujira128gehf24w95nt52lwlpjate6qde485y5j7aaql,300
kujira129e3qxxmudkwuj5nnt0kma5ryz4ccaa5lsvl9k,858
kujira129rw3gnlk6x9annfw93jk86p55tn7wleqqphvl,100
kujira12aruw7xys9h33m0g3z3c5sd8k0zyfagkzz3mda,9
kujira12cl7j7fu2f5hycfpfn8zz409mc9cw5x0v9v7k3,500
kujira12cuq7y734gjhk8h66rk0c8q09rg00knu5y80hw,100
kujira12d9a2czky72k567v39un2fwj42gpth5n9djlgn,468
kujira12d9m7vkvpjgzg4yfqvud2j534r65e3tl6kt45t,30
kujira12e7ryh3z4034zd398lwudmyvkm7hngy5td8xwk,6000
kujira12fmcjn8lq9x69wf48lw3nu7am6nzzehua738fw,20
kujira12g8eumkkcweh792wa5ux297sjsgfymueqtp3kf,476
kujira12hmg2uu36d4ga3rrpzeycccceyrw6cd7fple7f,1036
kujira12j973x53ptfe4rr4ljnpl0n4js99vs5vmmyzns,1
kujira12kgwyfe68scln0hgn3w95fu55lp5v4cjmvd5wg,65
kujira12kzmjhx6sdc8vdya9jd7nvmjmqqwhfrtxle82l,10318
kujira12l0ns2c834uuq4q7wh4yh748sel8fgamjcdvq6,100
kujira12lan46dtm0f6lkaaskxz8vqqn0eaxw8sy5uj7c,2
kujira12lfdpysmds5u85z540mgcjhm93rrdsnwkaqlad,14
kujira12mh2a8uhaz3m0867muf6r7k49k4qw075edtlpy,240
kujira12nkua6pg6ypv88ywm0t8d9gflqyrvu2rln98s0,45
kujira12q34a4u30p0997a0l8s49n33fn2wx9kaxgdc6a,18
kujira12qqhw7fztp8xyp5jcs38ad8037fw9yrwq58s6q,60
kujira12saxy20x0x3n7efuxpfeq4jqp0vqpazy43hpm3,50
kujira12t8ua53pxsj6fcewwgnq247wwmqzlxmdp7p9jv,68
kujira12tmt6tqz7nzxtn7hzln46rmwvx7p4s2pldc0y5,3
kujira12trcwfd0e82g6904ntgka7y72efjp82hlt9sts,10
kujira12twjddh43qn9z7p8gk7fvctc3q2p04qemccmay,27
kujira12tyskvxqacnz8fmx3s0dl9nd8u7ewgcjqcun2x,166
kujira12uyd20vahq7aqarplvcd20j0lfn4vyjhxgyqlu,83
kujira12vnuytvsvwzks52vyf0xmz3wkl2q3h08lag3zz,82
kujira12w0t2mtpr9mql2wl9td7xdlt8t2sm9d3a62lme,240
kujira12yauf4demrk25frnd0nvdntduwf33eatlvalzl,5051
kujira12yhry43mu6lfukrvqfusqxpn870j35fjvtxn56,1000
kujira12yveyspnd7a6ywap224f5l29a796pfev3n2fml,7
kujira12z8tmwxaguc6mqax8nhwtts5ultq675y8dgln5,2500
kujira12zrptq0hrtthuu27jp7ntlzu0t3ddc6nh7fcl9,1658
kujira1304vt66qjuqqwfqzh5y4tdhfy083w4rml8zjke,450
kujira130fxklmjdt52963e4w3225tq09qtcv7jlwfm58,8
kujira130k76sdm99uhk25vwlglg85f62hnucrl8q64eg,10
kujira1335v3hpjfrnzghg8qk5azmupsfp4caxkgk654y,350
kujira133vwv0fw6uwkhlst50gcv95e04hy76k044ffqr,21
kujira136gtx8m238907x02rnhxpwkwvwn0hpvhx5dsyp,7
kujira137m4nzs37sjp87jl8fq79hsfp6p6je7yjrdpmn,600
kujira137p2qrs3qw00c28679pwu4a76md48q8zf2px27,25
kujira137tkk4surqq7w33udw0fqf4fha5yns23ge2xr3,9
kujira138shr4vjlalwy7260q2ta30lrfyzlmk82cxkr7,300
kujira1392vmkuqyzy4upqlwuu42nfq004gfgw2x7gdnc,1
kujira139395uy26hue092uvat7awq5slnuagarcxwv8m,537
kujira13a6pcm4hnj6amn07j7pmh440ccgwu6438dglwk,40
kujira13a7nfkyya72lwvawenuerw8dwhw0c77vrv24rk,4668
kujira13alnyagpmqjdrza38x8av6yl4uxn6yuxlks7ds,5
kujira13cahjd44t8qhxp8f26wx9rgxu7kyzv4pwzhunv,10
kujira13cpzepvuj9n0utu00cmun0f4a98enttzfsy3j6,1413
kujira13cswe46twp0e42knhlrtn6xgxk55dj2yly7afg,208
kujira13dev996lhywys3jgc0l5czk7f77u2a7lraqcgq,52
kujira13dkyfx8l4p39ty435q3m054c4j33g43v22hzwn,639
kujira13e0xl8rs5mespu3klvuw3sd5reequu4y9vx4ql,1000
kujira13e8sjswry6fcfw9uzfm9t6vw8snm0kgkph03p7,41
kujira13f7ggc5zx3eguyp0wtdtmtwmputd5ffh2af5qp,13
kujira13f9p3l5402hkrfgl43xu8vnf3vy5vz8ngyksxy,107
kujira13flc9tcswn7zmleuezzsxxnzn02rkgrldtcr9l,20200
kujira13fmynf7lartwxfx4c3cv3afe07qlckzyeeez9e,500
kujira13gxvf6sk22yk8fmttnyu7udxzqgy3kct8ckr64,35
kujira13hva8xp3p0q2fhvjn3mhhtv4rkn0vdmruz27x0,10
kujira13j0t4nrrkrmf3t6u494m4qafzqncxdxrkxu8ln,587
kujira13kfz2ju9xn0p7zxgpe3s9up627s2d0wl3j2yvn,23
kujira13m6tpcafcayyumyyjn58ul25kpvy40uunk2zf6,16
kujira13m9gpdjfnfuff9khc39jatcjhkjkfryngxlz9k,669
kujira13p2avqpw7tzel74ndqsep0fjvylmvn3sp6kz4n,78
kujira13q7zpu2lz2pnkmz4zl4xukr0ljsnqgwm0rt2jf,2
kujira13qmz4tnvqjuyfegnle35farscnz4f0avlzet9l,100
kujira13qnx730qsvhr3jweq6ux5mhz65hfedkvahh3z8,124
kujira13qqtm9kjtg4vfhxu384xh4xhdtm3qkwvt5njck,179
kujira13rd64ms9yufmx2nj0yxvdl4zm7ctzd6pe6l9qy,520
kujira13ryry75s34y4sl5st7g5mhk0he8rc2nn7ah6sl,2000
kujira13s530dhzfxrwma9kg7x4pqgl0gey6k0v3vp44y,5
kujira13snvtmj26n6jyt79etf4vejezuqk8v0dwwgmh0,1000
kujira13ste5vj5vr7su2knrgjsentcqkdknlk89xsc2h,1111
kujira13sv32uxpl6hnw8lsluw5nxxzwrs3na7yxe4h8u,276
kujira13sye655gs0hkdxmrxl6kxm2nvngv2cppsjqpj4,9
kujira13tqhtr7m67zw0hj7axrw9hap7dfds97rz9l0dx,4128
kujira13ues4s9k53a35qqu2k2hqk5fqjyzuqx7rcjq9l,10
kujira13uhl4tp3flplqpfnwjhz45req2wj2fjzyexhex,753
kujira13usnadvzl8utxn99hqwf5c4efpmm03h5x7h022,40
kujira13v9llzktqpxu37c0t9dnrav4l3h6y7tuxtj9tl,106
kujira13x77vv0r7p7rkzkplqqhufllzly0jz5xu4g4ae,101
kujira13yalggau25lf76tlv7emerw9s6ahvhhtwvdw2c,35
kujira13ye4czwvptppx7makqrt578y4tcxg3l2tdjnhr,100
kujira13yhujccr9r3tfwagrvtwr70g4c5wn35nfxhqym,1068
kujira13zkv99uj9v0yy6kxfdvx7knxh33txss4m7fcak,311
kujira13zl29kumca2fpf6lhh5qwucay6nsgqgxjufp5u,11
kujira140665yjhf5qswxd39ljp48uf82agz5jz8h9yxr,3034
kujira140pud2pgru7zr9z7l5wyedwlek68whc5v4mr2j,4
kujira140zga3h52gvjd76xf0ml2y76slavjkjta8vsvf,20
kujira142cl70a6rsp56x7myfz67g7m0f5x84w50ah7nt,300
kujira1434zluxmfj85vwpc3stk03wrcuzrqllck0e5z8,230
kujira1442ks20qpww9e2rkt4edxj6qcjzhm5006rvl4n,4
kujira144kpvsqg2phgexvweqxq3kw9vepad22nau63dy,1114
kujira145krdwc3ydnkw292cf8ujhugzx9cmat0cdf8nq,1
kujira1466mepwp4gasum3k3khxzg6442u9aeynmcstlj,818
kujira146mynsgfg7awjvaf6ykn9fju45adldyk3dxdan,50
kujira147dwv8pvlgwekmp3aa7m5pc97etndn4a2ewcrn,1487
kujira147htr6lkgrmwv8ldgtrmdhua4yw2xpl264mwwf,2896
kujira1486tr3tz3k4rrjvkg9kz5wca9czcva9qryehda,50
kujira1498dpk8cj4rqg8p32uvypdgs5cfp4xvgl8ftm5,349
kujira149ksj4mgdw87znq43e0aaq34sf8ugen495hqaw,239
kujira14a6fje6kzdzxm4md2cwagguad67d9czv77frzr,24
kujira14ax46j05505dqymw8lzkj6llgcmctknu9t4p96,14
kujira14axm0rm0tkk6ll80spxah6e3yx53rc5mk04dyq,1000
kujira14c5m2smq8q0m6guh6cs5n3qqactvpsu6h2h3y8,2400
kujira14c6mgrcc9rnfzxcrptyecj003l0cjv0h722ut9,48
kujira14cqjpl9memc2qhyjgppegueenwfqfgjrzxpnsf,13856
kujira14f7d0s44lgcqsjn9cxn9peq43ranmu8ztmggm3,44
kujira14geyv8maj5vuj66929r45f4qqr2x4xuq764d0q,100
kujira14gldqadcsnxpyy2yqkxg9kkqt3kv0zflfggq75,200
kujira14gq6cp7ehppt2wwr54ymhe0jwn9pt60k9hdchz,53
kujira14h0v5ngc3st56ejkj4s964c7fs3g20ujmdw4vp,13
kujira14jngcgc5gzkq3suk7cl0lanhlm07yrxjr2m0he,500
kujira14kc7pmt50a3ju3g3kk6t5v3arrznrjfhzxfxeg,35
kujira14kw7qrpgly5hdzka78tfl7pd46ekt3gg4elh7n,85
kujira14lrzhpcvkmcpdu965h0zw53wug07ukuatvrdv7,1266
kujira14lskljerzdrw0xe7e3p9t4n3xfgrm2ar4n65px,11
kujira14m8j5kkzytzz30zfnc3zumjfql72qlqcnt68e4,83
kujira14n53z9jhxn3jx4m5drfc3y8ht9vlalfnq79rlx,119
kujira14nsptmfeckjtpeajm04lqsfgaqyvj26a708xhs,100
kujira14p40thw7mp9puhe6y5w4awjqnknrumxuruk8px,245
kujira14pnd9hkf69mtnan34e7rz4sucx8jn2envj6qgp,1070
kujira14ray39tyvvsqhlwaav2asjhfx4z8yffmyypuy5,1905
kujira14sjkevnqyacyf2rjn7kwh89dklufqu9yguwmla,210
kujira14sk8chj6eefmqmrv8rfjxzqf62ud0sdlz6crg5,600
kujira14u0kxaaqk8w3z6a8kgjr2x0svl2xaam8gzp80l,101
kujira14uwnqvrjkux5fah6m2r7z24ztzdw9ns40gvvuy,3372
kujira14vte0vqdrtm9j2n58npa77tfl36vzk6jqk8qm8,111
kujira14vxunyu025zgm8j7mt7x9lh2rm7l3naxylwurh,1
kujira14w3nutft0ht7g5nuykdwgaw50r4jdlzgazrly2,399
kujira14wc97l8zn5mkl825pgshqcy8749qaetd2fd5x2,8
kujira14wv264ngauxx9v5kyrc33yd6q3ek2jvd93m7eu,121
kujira14wzaphufpnkd59zfptw6rwdd9z5c2tnzrv83mq,17
kujira14xe9yh5fns69smndm5j9lq9lac3fx5ucsekk3h,2
kujira14xx6rzcuqqfjff9p6wxzy2ffr9tla784jtedhk,57
kujira14yqr2q5u4sehadtfxx4rh4rjxzfht6ec4ga8td,51
kujira1500u8hmh2jvat04063gkm3y8p2kjn8kjtya0r6,44
kujira153su7adrngws9vrq9p80lytxt6cm9dppg9ymf6,25
kujira154fvcpg0qesfnegljtpvjamr5azw548mwsyww9,270
kujira154ncrdw9ud80akxf9ggftj0qd6xq3nsachkmcr,3
kujira154nv4nwj3afkww2dhmkha9pjgd8zczwzcyvh0d,1
kujira154pdsykuqxwarncc28x4pk0feylu2fdhu0cs0s,45
kujira154pvr49v5v4fxr4m9rzfwat989wdts38mj0mpk,42
kujira155kkgk8s7tr0skw0lfmtrjtyz2rh0pwhr3yerd,675
kujira1574xa6yhuvzhzz2330j3dx9ags5vp8vnd2xa2m,52
kujira1575cct5fewj2q0kf52mrlvs2xe30knh8w7463q,120
kujira157zwevlcv8086893rzmcpm0t0quqqjkqaefc45,3
kujira1580y8yqem845hdp6mhzkf7pc5xptcfl62epjln,26
kujira15822uu59500sxawurqlfrurgmxdz0wpp7tf284,11
kujira15897vt8mt7pnpxwyck0hldqfxsj0rmx6jea63s,8
kujira158lxrstj2cud0485sp0v7y43daf6p2h9gwjnyz,88
kujira158u3xeg8uwryhk9hwee2js20u4ks5cw32cnvcx,10986
kujira158yw4dph0w34k8l6fr4yde9gvu9mjgnyyqtvy9,125
kujira1593yhrjwvhcv3vlvars3playrhfhr69xwh9k4m,1000
kujira1596w0ss49ep7uaxy0dak9nrdsjw0k8jmdqx4tw,10
kujira159lwtfmavztdxkn7gc5mqsrsmar3y8krmgtah7,10253
kujira15ae8058kapknw2xsqq5vq9e2jmuy4yq6szd277,101
kujira15aq8hur3uz7yz2q8juewm2s2rjchgma0ffd6am,5
kujira15axc00xx2a9mp6vvm86d4yzkwmq878pujh9h73,95
kujira15cw7728h49ge8dyzzu4ejeacgsls07hplh8h72,2
kujira15dkjtlnvzxguv9tcfnug964374tysed4pxx70m,62
kujira15e0ttksn43pt22tej3mkes77evn95m76xqtlfv,100
kujira15emzc7qqj2cmp3sef203sz5zunmrstm8ezljhk,23
kujira15etkj67jc0m7qu3jt4qy8xus2sy4vu3ftynqv6,1423
kujira15hyr8az8yg0jk2f00y97zryz27q9wax68g2rr7,125
kujira15j466hm8qepavp8ty4mxjryjsm0a59lpxttnay,50
kujira15jul5qveh9urtgdmyhpvuuyekpgtmvgvwx4dse,788
kujira15jx6ghw9datg2eamu4ftsk3x0n0spgx5cw3v4a,2000
kujira15k30q0nkxak7emhpax5jy9fte40f35u7glx920,487
kujira15kuk94se7cm4vnvmedndtnxszwx04pmeqtlaqg,312
kujira15lv2xlr4az035hvl0egxzur3ujque6ew5zyyen,45
kujira15mtzelymq9cyg2a22lgha9rf5w3kmtfy6ytpu7,50
kujira15naw3zga5suawmnsexm49krfgsc7wegn2jkhlr,1126
kujira15p6l77la6y9thhwydfesp3fue2xavhy0njc9wu,300
kujira15pszr7ljemequ30aph03vhqvgmyce65sej0zgq,1349
kujira15pz9araxpvf7p0uaryeeee00k6a5fc7648wtyp,111
kujira15q5r3vpjsxfj85w6hg3rndk8szcp7xqfhj5wlp,222
kujira15q8erudz2wqmlqwrhmpnqk7227ep3ax7uutl5g,3100
kujira15sdk84lssc385jltlxy536mptdpqmrcjcz4kgs,136
kujira15sv5h3erlwf5cn75jk4hlajhthvmjjjz68qdzv,60
kujira15upm5yz2xz3wyv779l3kh805ympca8l07tua0u,22
kujira15utj207ln8jfe7g4tc44gdqdde4gl9jdhfcumg,576
kujira15uzutmwlffqy6lxf3l3efr8nxy2w7tqw5fu3x9,16
kujira15v3zc7f6qjsyh8j2v8f5028eg63w7eg5rh7qs7,247
kujira15vhalwk5m77uql6h664xckrzak5g6rkrph7gy7,201
kujira15vhsptj9ltaeleyzslp277vhq6mqz7p5hr4nd0,234
kujira15vrulyt0gw8h55su80dkfscus5lcjp32c806hd,72
kujira15wml6dnnxgt4y36x6uwh6d4rej48kjjxdce2np,41
kujira15xg60w9r07lgl5zc85p8dndm7qx65gwmlsqyc7,5
kujira15y227m6azkd7d2g46sjzgppkggzedlq90n5y4g,4000
kujira15z9y23llvma4et9v3dtnp6jsj5x7glcma8h6ns,1899
kujira15zu67hmvq6whmp7z6naerw9u9em3x4fsr9chr7,101
kujira160gy7vj9xns0jpaxam85f9e3ftggmcjmpjaltl,13
kujira162x2llsxzxmavtyuxjesceewmy4wvrp70dczva,54
kujira1636yhdejmmqj7vyn5mvqhhh5nmugv0rplnqh24,10
kujira164r2g8n5j3xd82xllxal2vneq3y884n8n22l77,2
kujira1666m438d4u9ahg425jsyj90fkgw72yzshcfcnh,49
kujira167galqq524qcn4qjkzr8sc2tyjc9adjrajpc0y,110
kujira167zrv9lwdnkya4ucjt6ue7j45tlj9kzmu0y9pn,430
kujira168eeyjanwdf4w7xnvakul3m0mm8jlwj4n97485,2784
kujira168h02hkpqhnzngavuj507kyf474fg7mcrw6p7q,59
kujira168nmcjy7nev0zztluqy3gjzu04wjw7hqs5yy96,101
kujira168w4jva5kfrqngu63ev0tmx6wg5k5y9t74qmqg,6618
kujira168zq6jf3e5v23ywwrpcj73pwf7cmtg26w83lx2,84
kujira16awuf66j0vgskwy2mfc4e8g47pvs5w67atv6np,2
kujira16c8fzh6v877u3wjndrd6ryac6sv5c3ptvsgy06,91
kujira16c9ay6kepcjrkh52vxfhp64cxnqxyupggupy06,62
kujira16cemgtx5cwuxzfprp7zg96pmkpkhzzyfsy956f,1000
kujira16cs0hsradp3mr7djpkdpj6laqzn3yqqulgatcx,34
kujira16dgmlh68xdmaf07wlkv85jnfc9zc0xmputvemt,14
kujira16dxqfv5s4p98gyn6v4458qpgl2ws96jsykjmfg,71
kujira16ejyzgtc2g49gkq5579ylyv7mtml2t50mh80w4,8426
kujira16expqhjw5u3a620hp7e0x4nltagydl47vldqr4,773
kujira16f9j7tm56yvyrth2mtry9fuh5pp7gdt0gt5p8y,232
kujira16ffhf4evaep33qm8g5ykn2eutyfzdjax25lse9,300
kujira16fjmmz3m2fw04z4zhu0q43t76cnndk3mggww0f,190
kujira16fvw75nc6qysg2jx78ul348nas9wn49dnm74a2,31
kujira16fx307fh28ezp33kpdhfpj3dgvqljehg7m58xg,15
kujira16fz7v6ayrrhcscdyvahne9093zkwp8fc33kp27,300
kujira16h62xp28chsw6n7shyxw4eg5tye8fjaadda8v3,1
kujira16hmvxnw99ay5r8qlz5njxk5nl7g3msjl6z7da2,124
kujira16k7rsz89zn62878u3ghku4gnpe3lsnmjy3cq9t,37
kujira16l5jk2m9mkfhe862wyfx5dyz57vrf056al85a2,510
kujira16m9489yuel4vhac9fznestcl7washlz9g6y62m,140
kujira16n6klgn79dvey5mc5k73tvtm9nn58r779ralhl,11
kujira16n9npclhpfd0vthsr8udq02aazqta7ewamzh5a,3000
kujira16p3fjt3lzn45684xqa8yacm68h5fetp6p7dztv,21
kujira16pgs4exp84p23jy0ng40x8sml0dvsrd32e3nr7,152
kujira16phjecw25muxjyxgft4jxmwntvx24xhczyqhvq,1001
kujira16rlsfkdrcah4gzm2mlrudj82g0eszjtdg29gmq,770
kujira16rzf8duscteqkejts8enz974csp8nxe6s59p39,500
kujira16snjkmde2dmqd0x7zqn48zu4ew2r4uylat0ncw,80
kujira16t5qhmpf5n0al8t7mw6ud4d4980e2czjpceux6,3
kujira16u87jk42emnfaesgxzf48yhwagxwu850py9jqq,1184
kujira16uhje9g9apwdr4wd56ga7um93q3tk9tx0zzq0p,714
kujira16uk5te0nn25ttquxavvq0qzzx5nej6d0u02lqu,988
kujira16w6kchc02w3llkk3trrwrtjpk06skzq8xslvfq,100
kujira16x2j8fty90kpryapl0txh6fr7r9vm6smwmzs77,10227
kujira16x2ykys9hw67pv6ppa22pd6zeq4uzwhjvd9hja,225
kujira16x32g5cpasq3t42kun0meutgucgaxwl64k3llu,115
kujira16ycqqcgregunrjgh0kc84an6uy8ha7e9kz5rul,150526
kujira16yw8tvf4332qnrfadkmzmgypngl2cwr78rexxz,2166
kujira16z02ucmal6zk9p7yjrlwp0v8gq2f7u9n93r8tn,100
kujira16z5lyryxl7fgzwsgxf50y8wqzk9fx26990gf7g,470
kujira170djg9j2eajgkxd48g6wy3ddhvnknmfngtr0ep,3785
kujira170mnvq98tc6a46sckduss3qeu8n9683kgdv3s8,20
kujira170rp30un66h564egy8hm0mk2adpdv2czx50k7w,50
kujira170vec00lu9a3sewd5qmtaxej49847nstfljm6n,54
kujira170wqczhmetlzrmqn9zxhk8c6mp6a6783m279y6,73
kujira1725qy6r0pwkl4jwaff8rxsg6kzkadwhkcq04a6,34
kujira173w0xamxsctxkwmsfew6qjl44z0eeu3l9gnzvc,5
kujira174upttezdkdawkzrap9q894vhc9f9tg3cywlv3,250
kujira1758vjtngu4ccpl3vd9lsf4pk8cevpuc8pcg82m,387
kujira175xnm32rnsx9xr20q50r4cvhuksfd48lktrya4,191
kujira175yatpvkpgw07w0chhzuks3zrrae9z9g2y6r7u5pzqesyau4x9eqqyv0rr,501140
kujira177theqmnptt4nag5nvh2zz4wgffrq4h8gq0ndl,15
kujira178dcdmhlsqx2nlku2gkjvnmnxkltzwqew0ag68,6289
kujira178swfpjp3qwes3wj8ffzqla9m56ewzxmk9ydaw,2036
kujira179u9fjwnv2kwjctcu079mmtk8et0rnspkf9j4d,150
kujira17ameycvl8aacg0ywlr0sk55jefchvrncfvpwpw,181907
kujira17axk5tgkxpygqryh928k3f44pywfevst8l8e9s,5
kujira17drar8jn9395zwxyk54n4nrnh5pggq2ttx3x8g,1170
kujira17dujn7lcu3yqw9hhswtu4a5cw63cx52knw84na,308
kujira17e0d7dj5lanyxdxp47xlffuy585fgpw9k52pea,80
kujira17ephyl7pxx7hrauhu6guf62z7nrtszj2dj90nr,221
kujira17gpj4ul9au465c2xgr058mrkpayxzcuauulawt,4352
kujira17j9hny566hm3kf3nx7gg0af35x27dgtgevtvm3,499
kujira17jk89agnjldmcnd3rjt0nj4cs0rdpkhfw5nq7p,15
kujira17jycpgrstaj5ahlqdwm740se2z4k7kgqnnf9dk,30
kujira17ktwvxk003c37zrcdlvlnkdgmprsduc28gmuum,132
kujira17n5tv6pp6kdat62cal9zxxkt09myc3mtnummfc,2
kujira17nsll5xs4ak8lsguqelhh0etvvfe2cw6lmhg0jpja28zedunddkq0d4jv4,1227173
kujira17nun6cg7a5xtu9fz2p8scxr7u9jmrf5vaupx6x,101
kujira17pl2q00c9958l2v63rrzxzvdgxqrwczhm6jeeh,1000
kujira17q3rhl6g5mefmzfp7vkvk6vr9l9lspfdqexh6t,45
kujira17qx634fls4rw47ul2kms70pp6rrz4td7t6mwd7,256
kujira17qy9pkqwg89g208x3tvvxedyhe928wdakgpgth,76
kujira17r37ccc8jpft32jxdztwmawp0vx23r675g3h8k,2139
kujira17r8zuxkllkus698t8u4ts00d5t9fd77usc32l5,317
kujira17rx4caclnlkqwlkq4hq3aq0cvj993pnfepf22a,777
kujira17s6ghz5lu200k3y4kp3p768mq8jm66pv9ne5vw,19
kujira17sj2g5garw0y2kzsfplpkkz3wd052lww8zgtt0,100
kujira17sy77fq0u3fzhatnhkv9jvfc9cgjkfzuy55la9,17
kujira17t8u2cph8lgc5p4yukavr9q622uwxf4ptxpghk,62
kujira17uy4240mwx0t93f9f9yasjc8w86m8xs6mckqky,8037
kujira17v9u3nnu77ljhwjy6kkwgkrzjkh53n87tdsu2r,105
kujira17w5yftqfrsk004mpa5js620vycm5tta32eurzp,2
kujira17w7eqyp9auw9a05hvrx7xxrdwrmdu5vlz2vfu0,3
kujira17w8y339r65au23xv5csd5s537vkm4dwaqgf3tr,330
kujira17wjj4e4xjlk6qtdk3uw432vs3pmvkv0dgjqxys,467
kujira17xr6jzesfa9qk6x59k8cy6cgpwmxquwvyg2enm,48
kujira17zcmkqrmcn7su5umvfrynp2clsee5ua66lnawn,10
kujira17zrp5lrv73z6qcj0px30hsxlru66mmkmf4fu0f,35
kujira1802q8ae6f8sdk0y02vgk5cz8vjxzy83fpvku9n,19
kujira1823v4rrxyfwlyu3laxcqn8f46putq4zvm2pwu2,254
kujira182q5ppedyjml9g9cpe0sa47tyd575pxdrfufmn,26
kujira183ekactsjwadv2vuuj7huncej8xu6ghk7txzg0,7239
kujira183k8dy36skkpeknunrtfz86790wj7vpzpf8qc7,351
kujira183nnun3xl7amzskn3apmnx7h6gwr427cdmjaz6,159
kujira183qv6her8fggrc7r20vvrulf87v9swjjv9n6kz,2
kujira1850aptjmzqz7gdphqsjy5xv9sc9mfqt5exkduf,3000
kujira185578djuss6u9zlneyq2a4w59txl2gncejntlf,2500
kujira185f0hh3tn286nvunw873lw4uwvdjayrzzhsfzy,29
kujira185yv4ka7ymn3f6meq7k3g42nxrgfeykjngg3rr,152
kujira18660x0wcrexa0vyal88v7963meym9jq72f3uw0,19
kujira1874j0f9c3cy442cca49dr54lyc9kf4uk0mvaum,579
kujira187ml0m564desz6c97qr2kjws80r4ygp69rpc5v,1400
kujira187xtxftr0n7ks0zylpqz7c7kkcmfw5z9lfs8jj,1065
kujira188ukrktzkj0ahx9vfq29k4hgpqgfvdy8xjrg8s,101
kujira18acnkjck2qtkuv94r8e2tz7eudj7jl7sylnpyl,4
kujira18ahhlmgmtmh5gu74p0h5m2xawmqsskarqfp8ed,30
kujira18crh2zlxusj0pv6fg6yhawxqavmefzf2mhcd2n,425
kujira18e47wxp8eep2czf5ppscykk0g9g4se00sns3n5,3333
kujira18eyzwumcmljx85fapwgtgmk6amls7j6wvlqefq,300
kujira18f6r4l0ksuf6gvukwvxhhwdh7wmal8xze7l8pl,100
kujira18gcjmx5s7wacn07y906tjhpr6u54tqhesccqxs,10
kujira18gf7l5cru2weakfjeegssnsyht53kzshq3mnqf,850
kujira18gjym4e4j27kjzcdhqcj9js6x7rrx0euzlztsp,44
kujira18gr3h9s024j4p77f6u4y6rr6sudu6km38phzfq,808
kujira18hhw82dsrv4xy0r9xh3ld2z4hkn3lnak4vjlua,633
kujira18jlc56v4gxux4wcah5njcnkxv6lde2hn3ce6lr,13
kujira18jtj2tpzcd6vd0kkdcfdsymgzlmclw9es5latj,3
kujira18k4l2qvlt9dh8mwmmm8qpt5zys9pduwxfdvquh,27
kujira18l2p6t3qyh74yurj7yghtvdq2nh7ct5kqh6k46,88
kujira18lpzdk3z0f487up8qkav6vg35fq64y9p6n26a0,315
kujira18m26lkjly2hkck25t7sdsrnu72x0g6gxf9clja,872
kujira18n8s344fyxjevxzzqgx024gjmansdfgtyjm6u3,385
kujira18nl28k25u5qtwga7qzgd03ee8nqfzqypp73ghw,3369
kujira18nrmjw398fxym69qcwh04dqyrt7naputuk8sxj,179
kujira18nsljv0trfa99mv7d7208hfatthcn0yqtxxvxr,235
kujira18pcnuxz5qtnzzlrr54puvt88ftjmk7sfpv9vrs,5108
kujira18pmhq7gtmv9m8scxd8yxmuqm3yaqlrrdtnqd2h,1019
kujira18qehtu7ycr4lfzmzvgqnduwcah7cx8gv4qy725,250
kujira18qk3mqm2yhshhhr62w39jpycdfnh607ycs73a8,3
kujira18qtnp5dgpqxcrcmrgf8wnqmwljl9lpvd0m23ep,215
kujira18qy0xduacugp6glkejtkunjyssyp2jfnzk7n8c,1400
kujira18rgldve99qjq9u4y6wgaa6cttf60zupgj58hyf,651
kujira18s3zsaz5pls3n7kcgkndfqkvhx544cc5ts8lgv,1071
kujira18s9jl3f98z4uhg2ll2l3f620gwq89y2mpq0esn,179
kujira18t7qytg9fdgklzac9lm4ym0cjxhjcxsd66lue0,11
kujira18t97ph2esca72wmrgnhmljk4zux60wax8e0p7m,20
kujira18tg684zh36se7aszz906mt0pmh0e8fd2r7qdlm,23831
kujira18ttwjhl8cwfue7tx33aztd4kg38tn8cx525fsa,63
kujira18u0a2rqm306nd965ehdufxpytxay7ckz0rm08f,23
kujira18u2dtwkl85knxyp99ze38c2mvkt7ajcd66qkps,45
kujira18ucesam4gdvuu37a5vhgwjnqzl5dfvd73hm938,10001
kujira18uqe743vkrlauyhvfyyz6nk38qv0qss6t24xmn,9
kujira18xp33ayzf7yhxahxxmudqeldjtgu5uvnw58fpu,48
kujira18z5lpuskjk39fzvag7rzgpk5cm6rxh55e9utsm,100
kujira190aj8twj0qrqmkt40zzq80p3p8v8hve35penw7,40
kujira190fqte6m5l7nh5cmzlk8ltstug9vfusxpcllh9,665
kujira190yuyeahjdl84md656gd4syzuqpum4dupuv9l5,575
kujira195929rxw30rqjrcfvfc8ncsgugnpv49rux67xm,1000
kujira195aats27a3d0tzg7l7m80y7vdv8duglg3myvlt,95
kujira195fxc9w5xpqel430lnyzrwuqcep84yds8m7tjj,21
kujira195x63zceqj9jylnp5luahe7lvh3fvukfzd4fuk,2401
kujira196v9ugwmn2gs5c2a0tv0vvz7yg40t0fahzrde0,2512
kujira196y0jkwv50ynzqndnanaswccmph8uw2d4yuraq,40
kujira1972aw784ukkx62w6vn4n7ek0y4qkl79eff0psn,122
kujira19740m96hg4hn5u3vjm5rsfzt62kwz7f0ykaqnn,1
kujira1976ysydjhg0e9aww7amrp4m9mzmjjdz6tl07q4,102
kujira197nvjpgu79qsw27zzk0gyt9qh8cmq8wd3n25lc,5
kujira19ae29a5na28cyee2548cawx2u2vqe04et4mgmf,28
kujira19c02uqqpj9cqxpwepz7ndragqvh2x4t7htggvl,240
kujira19cphf4mapvq9athkahry6a7l6haykcz7pncdsu,94
kujira19dhvsjvyx2fcrl8xwedge27268tknyck3w0kuz,1012
kujira19dn5aalascydkpca725msfgkjmxh8hpj8v2m85,25
kujira19jyn93h8f2pafve0wxtpyktpdpjgrxvk9f5fpw,46
kujira19lh5jkpm4y8y5070v5s7a3ftrpq56y8q4shvtg,90
kujira19lrgfh3a9decdql7yufq3r6gntjl3khwptl5s0,12
kujira19mjdvkg9s39wfah25mrtdph6kmpxle0fqutvll,93
kujira19mr767kuer6pz2ufp3lz3tysjyfevr4gpgyttg,66
kujira19p74u3qm6v980n5wwwr8wkfwlvljj0m0q57s7f,21
kujira19q8kn3dgtr4x7uu8clf63zk89wnler6hxqprna,100
kujira19qf6xec6lwe405qnsrz4ppvjl63mfufrcjp2ty,50000
kujira19r6ljtzvhfsljpupnwzu32jr796aflm7c2z2f2,13098
kujira19r8k3tykp2rumuqpj2xhfyl8y0f4ydvkjypm3z,599
kujira19rtr0f5f9r4ns3t948ndmfmz3flnge9nzm9ymz,20
kujira19s4eslttt3xkhtn2f23pzjjkqtxmhh5cakwst9,14
kujira19u8kmlh4twuqx4u0u2wp3aqsr3xdlvmgwpq87x,262
kujira19u9xyt8m56e2x6hlpm8r33dps6m2sn09yvjfzr,16
kujira19uzk7ljr2wfnwla3ux72g9yandf4jcd9mtkedk,100
kujira19vmchh6gf0dr5t6807vupgl2ejqfh9g89kplhu,10170
kujira19w8c98qalk0hrf229zaetjew3h5xak4m6vyud3,50
kujira19w8qcgj7hvt2r9wpd6xryky3d82wjy9cln3anm,2141
kujira19we6vn5q42ezpvr3h00vszmrnrnxkkntazvcev,6
kujira19wjtcyd9lytj5pge2e3jj2t6nknc47lqgxcwtf,150
kujira19wz4jqt7pxatev4wneh7rlq7tnv5903l2x7zmk,25
kujira19xma25ppv8ugwtvzpx5n5mde67ngazy4xe3ck9,100
kujira19xt5u4wlcprzs7wt3q5kfwc70cxx3xhulpa4ud,144
kujira19ykua9r7zqk7hx3x9frvqcfg9x4yndm5452l7a,7500
kujira19zrtt2uncccycgcm9efgedu0hr27qfdv98h6ut,51
kujira19zvk7qe2qvfd2xlclyrnvz4ha6r5q4h765c344,14
kujira1a0gz65qczz6ydmtqt58jf97yd9x59anf3d9n8u,771
kujira1a0hredawn0h50e2lhvr6rmmyjshkjpjk6yk06x,896
kujira1a0uqtx4erytfy2hgeysccjqusrz8ygq9ssjj0p,614
kujira1a204skqxgdrwn7w5w8vmdzmrltkwqduuy2w40s,143
kujira1a20c4f5280pwza4649e88hjrq6qlaptxj36u9m,20
kujira1a32munfuvhyvx67am48epnulnydw7caps4jzgh,38
kujira1a338296u9htmlkwk98x87fkxxm5jrt0kknj7p9,132
kujira1a35e8c5znuk99ujx5lka3k5p6pm0pwq8hzsmdr,765
kujira1a3aj9p880hwlwuytwaul7zu2tcrtsg0847wyjt,100
kujira1a44nwflexl0nk2qtt004vzjftyxzsmvjsuuk2d,254
kujira1a62veqphncd263wxcptydms4n88a6k8q9zpn70,2032
kujira1a6v7le8z4s5z5235e49pf436d359kclwk5ah36,1145
kujira1a6zupva66lps6pvjnh4rp787nksx5h8lcvwj3q,855
kujira1a70s7yg3y6qjuzcgk86a4360adt7ye36st5sfn,960
kujira1a7cg9dqedhwxnk6j6rmjj5aeydnspdzdlp2xwy,1
kujira1a82vkhw5xt9h0y5y2d6vvvyqsxmut32ffhakhr,378
kujira1a8l3qtcq8x5k82du5ekmg0m2zw8ek9w3phccn5,5
kujira1a8wnenq6rpaxs3uu7umkwa855a988wecvzn9cg,1325
kujira1a8xp62rzew3a3exy7gytstmh2rmn937yxu3fcn,8911
kujira1a99p95l0n0y4lgwde8ae4n6vujn6cz9ff4qwpt,74
kujira1a9h9wjwpaxhuu9exfjfrky6rwzhtungdjzw0r2,40
kujira1a9vamx3kq3j9nfv6r0slcdpexsj9tsupnckzxj,210
kujira1aanpwzxc58cd6jtfws95779f8urwenll4yvwxw,5851
kujira1acmc8f7g9eqs6lvhy3m9889d9djze4czkzsx5f,366
kujira1adf2e3wlhc7r7q5dx8egau4dyq0r6ju4w6y2c2,10
kujira1adr72atmnzzvqlfe574c3qk5s9zxk0l2d5lxy0,243
kujira1ae68hdeak2xkx95v3u0u2psshxsq2hfs7umg69,6
kujira1aesplfantclvuy0xkuzfy9l3u605ns67h28gkx,10
kujira1af77fznymmq6nd6d4adgxw5h5h6p9awu66khfr,132
kujira1agg40pllc6d6qnd57eu50rgmsqyc4vmslmdxsj,59
kujira1agt7g0clnrhgjem5fhwlzcakjyyn5z5e53yjm6,40
kujira1ahg837mxaue8kprcd0c3u9tkthgx68v93x9x26,289
kujira1ahm8pqwqx00ld7arv7fyfefkwppt569df9hc8m,51
kujira1ajzrk4ms46wcd3u64hh2pnqwqdzwuusmzxvrv0,6
kujira1ak5eyv0r25jzqh6g3h2502x6t7g27llgppu0au,40
kujira1akjk279tmjzfk94n69a4j9w68dggpvjw0yn2qv,2499
kujira1akkxnrnmy2c5sazxyz22e8j0p7984y9r87mmpg,14
kujira1akvpc777swtk09asunakfdyhf5fnh4ff5z2nt0,20
kujira1alz2xdarfglvr5gzptjdy574t4tmv6m8hul0fn,39
kujira1anzg27ghjdcx4e30zcug8c3p7sfraj6dxtsxge,492
kujira1ap6uxvxqer25y5ev0ce0syqlnmyy45yuhfu8xc,25
kujira1aq5yv8pqghxtpwngmfwy33wpudkjz5vvjd2c44,315
kujira1arjz07zh82hg290ud7dqlu9cq7wm49345n3x0a,120
kujira1as5rceuy75rhyec296scexr6whyk078gvgv74t,10
kujira1asmrg4uh6hu9wrhxx39a3uu95d38r85u2s8ze7,22
kujira1atjlrnny0x99vvmcxr9za0eny5adc0z5y3qp66,11
kujira1av575lt8jr4s3urzz5p46gju0f8lhuwampmhp3,64
kujira1avvasm9kjmlc0v84780w3j37q3uvewgeqrk0j7,100
kujira1awav8afwjqy0f8uzcqek8pd0er7d9jgrdnad6z,177
kujira1awutzxdl0700sdfxk4vdg7tpc7nuhag84cmauk,5056
kujira1ax3yvft4ga6ulwd5mlx63pwjdkj75znh5zugnd,11
kujira1ay2e2mgmdzkcp7we97v2aarjdh30nz4kuygghk,329663
kujira1ay3xl806a5pqnfevfrj3d823x37n8emedl20vy,4939
kujira1ay6jsl6v9trfg29dmfh3xpsg3kcajqjtut0960,3
kujira1ayu49vxx26vumf9jspksd36fkqya6vzyd58lwq,33
kujira1az45nge62qvxzegy0h4qa5wq8emyvf358yf78w,633
kujira1c0uh78tm9jnnj4hu0tr8p4deuhfmjm7kxwgu4d,26
kujira1c22y0nekruxjkt357mtxa6grz9z0ezlq2yghaz,2033
kujira1c26qpajhxxucm6g2zfflhwpaxwzerlee4xydm5,175
kujira1c2rfva0apf2ks5x56hgtqu35rwvlv8m505cejn,38
kujira1c2sld394e9slmmsct6epngl3wp8xfnj89vxm4z,8
kujira1c2sxs95sn4fszap4874qcuwvewjxs4gfhgk86m,100
kujira1c3m68803k2dw9a40e0vjmw5fepzmnx3wtf7as2,550
kujira1c3zydmjgjy0ch6p3qgc0phwdjhkvu6sfreg95n,9
kujira1c4273lx3yx5kvtkf2tqdpm4me6ns72988ug98e,2000
kujira1c48sg63jw8crwl8jjnxlcrs44wy7ehut9ghqdk,101
kujira1c5cd25l2ujusap22umvy2sk6s4nd9gvyxu5emn,2500
kujira1c73gurt4rs52wn6m0ny9v0x3p0wflsna9kehjy,23642
kujira1c7qhmdnxq45m67pcaj7ymzzgcxveg3gqhljgpu,501
kujira1c7qzhftsuzxkp9w425eyjk4lc97pg76x6g688r,258
kujira1c7xmp3d0xd5rcyzan0eyd9ssqg2e6httppywdr,801
kujira1capxq4ml53fjq2fykwegqd6n4y4t8sltj6m9c8,595
kujira1cc393sfea33cjqamwf4qtgt2gcntpm3d74za3g,40
kujira1cclfgqftwpxaafytukcazqksn7m8xq2fddygcl,1000
kujira1ccm0yue5hqplegs3p6vc83dy48dzc8nckrhe9l,70
kujira1ccqjjyml43t0ldtd74n4q3724dakcgndgtu4hl,149
kujira1cd5lx0x0slx5fx806mupqd94h9ua2quje4xdg5,23312
kujira1cddfngfsmp92gn6h2e6lcupnh60wyk5jacrf63,141
kujira1ce2eck6f9mjvdqtc8pylu6d6unn255p2cdx8q5,64
kujira1ce3qmcelsnm58uysu9muscwnvuyxk5ty8vpwpu,126
kujira1ce80gp9gzgvtzr9cd6k0dagzkl49c9t3s33c96,7
kujira1cecr58japquwj299xltlg5pupnq3s66v0uswme,2150
kujira1cexh627y5vhjrwyhrztv8gmftv809e7rg34uqh,7
kujira1cfecg6gwwt92l2sshrhft4v6tk5urgarl3zdz5,206
kujira1cfyvxaxtv5chpujv6jtlg90rwrvvsfnw4fz55l,290
kujira1cg8y0xknep2wkkv6a06sjy7jrmf26nyc0shate,240
kujira1cgekxjacxnnv0lc0ddk8cduprm4wzejdcjf3pc,1860
kujira1cj7hdsv798sqfw3gtned8mzfa9eursyzhj0czp,1398
kujira1cjkv2yqers7u9y20n796spfglg5rh5gtqx8gv7,250
kujira1cjqu9k0d230u6su7lk7g5c4xu57yvp6f8grjay,33
kujira1cjrycgc2jlq7ly6pskrydytrpqrn54f5g0qpht,781
kujira1cl48c5zfw3lvf9qjuw0x0mq0hruv4nt7k640hf,21
kujira1clcsva9694rykhtsjwzjzj42gps7l4l6ndeev2,50
kujira1clxz2ypulua9u7mdl9h563npxe3h003t69jy6z,692
kujira1cmztuemkrkuvuhhcgr0nn37l4zqgnyhj2dvnsz,50
kujira1cn7fqru45dejr696jxutys997nlxk690g7s48e,787
kujira1cnxtyr4a2yq7hglfxvqj7r425uu5vzfcx3gf6x,50
kujira1cpmnt3gnrlrtfk63tq48cpsc57x3p0evc8dyc3,16
kujira1crepxamfphdka4zmxewz7t8z4f0vz4dnm9zp2q,394
kujira1crxmn5wrecckctt8v5h9ur4yzhsl2hrpuwplhh,102
kujira1csg7c3mgqczgg4sjc9v3vxlcea6nqxvr59sy23,1012
kujira1ctr7hk5l2gkh7wh5dyukal3vyh35ryh6dm98wm,25
kujira1cuq3q2vj8y283xwwrsgrylkqa89d93g65g70uj,78
kujira1cv729mgsp6z353aa4khp4t5nk9sq4gg7aznje4,10
kujira1cvg5dsprer8c7xl0cl966qq0emnjthtwtrqqrw,100
kujira1cw8metw5h4upvxayu8vw7tmghzu4xsthn6y4j0,10
kujira1cwmrs2h6wxupp2p38ehy7rsnnry4jhf5kv3ghh,1
kujira1cwtceey9nf5w398u06vmnnyqqwscjfu3fdfnqc,63
kujira1cxt7l3u3dw0tlveg0qjcef8uys9tejhvzym4rw,144
kujira1cyd93lxj97wwvnfzvd852l5xz34ynpjtsvqt28,170
kujira1cyglcvuqt5nzvlst6ehhgquhz0c7nzcsnq5cg0,5
kujira1cyjejg5u4lxjalrucsd4e75q2xmm5wyqgh4jes,8
kujira1cz0a328nlmdwlnt0gwpqzrekyvn9p4w2rk3ygc,100
kujira1czqdwss0xy3vsjsasvezlrupf5qvxvkd5xfh5v,11
kujira1d44e0e7k5dfwyt0v4j60yuk6meapkaex4x6cye,139
kujira1d4mq7y7frm7zg50a6lavu7t0h8j9u55wzkzkj0,5
kujira1d4p0g7a9l53yrppp8vme460kcm32x628uw4hjg,605
kujira1d69dudy5r95klwc4mqpe6caawzslzq8u6dh54x,660
kujira1d6ytk5nmc64r6p3mjfdqg9g5rlm5ca3mtrlafx,346
kujira1d8mq46wt2yxsgwrmh6hhfgycl0537w8g6n97dy,1400
kujira1d8zzu9r3yrkgdpefksknp2ttzu02ptdz0hrwfm,3
kujira1d9j83ll3e0jh5w8kycjcmzcm2wdy0mr3ev7cn4,3187
kujira1d9s6006na6r3kkseevd9wlu8ged5vlcmlp4rdp,25
kujira1d9u6q0he32ggex3mlqqs3avsha5du0ywr0cwsa,30
kujira1da2p3368xxgpgqz2305494f86apthj0jvgk6g6,6717
kujira1da85gjhaupl8ae7ee66sw9zh585uu9j3w9u08t,10025
kujira1dcjkeccnpc3ekvxvdgmmwpay0jqsmdv9cgfkg3,4
kujira1dcr2sh4vtnzrqef2t6x39yu3u0uwxj9zet0t8v,113
kujira1de0eyu5u867fsyg22w98c0ydpslccjp8pp39hj,10
kujira1df7x3xg4ynhlz6xtx40g0mhvnr2l0sjs5hkuc6,100
kujira1df8zdygng9styv2jq65h6qlxx6xhdh9430xctq,56348
kujira1dfs707gpzav857jfumrqf6tfqw66emq7n8pcu4,2
kujira1dfwm8kvaq330nzpml86hex6wy8qjm9cculc2gk,3
kujira1dfxurg68phgsfd3cte22vw7n2j5lry88nrc02c,1
kujira1dfys86n4wrvh24ayw5shrmy8ls6phufem47yrg,321
kujira1dg6mndvzsfuds4xr5tymng76st53mwaf7wt4ry,18
kujira1dhtsuwhhq7q3a5ljuflrmfvpmuny46r8df6zdg,233
kujira1dj0gem328c4v55cdwmwjylyp8gq5eyl8t22dpl,110
kujira1djhmp8gewgn7l8p38d786ddrpzgxam6jyfxpvy,890
kujira1djksnn27zh38jg7wm9245uc3echg9u926d5sah,102
kujira1dkanxztmzx254gxhu03zwqsycrqlnxy00qpnng,45
kujira1dkerze46uye87vxsn008urypjsucffgqlmwsfr,258
kujira1dkfcalyrgnx0qmf6nve4fdvxjvfmu4gzc88arv,109
kujira1dkfsnt3rmhgnw6ltkhvx9gmc2vd68mvkjud83q,8
kujira1dl8aaktpxcj503s2x038z2kql4yjs2c8js9wp2,288
kujira1dl9jfeu6hw6t7fe3452zan82zltrfrpvvw0wlk,6216
kujira1dm6vv49x44mmglpezdt44kvyugunk6fzwdu8qn,30
kujira1dm724l9g8edzhz76dsdkcmvtz2jvte3f82s730,252
kujira1dnhfxnjcwcaueeg0z09c9t96ceaf4l6vnsk674,903
kujira1dnl83rxxgg29d7zgwam9sldnr6chtftdfedfx5,23
kujira1dnmxrnprfw886t4r9rtyfny7yvc5fjqjzny5qt,181
kujira1dnp8ec9knml3ze3x30xnt5ggnrckhnafcce443,13
kujira1dnqf4s9ss0me7fxlq28993awv6wyjhrec9ftdg,140
kujira1dphjqwenetur8p05a3jqr00navx0de0935krqh,79
kujira1dptnvy7kwjn4g226cw3pklzmze9qvet5ylacp0,1358
kujira1dpw3seczzg4n8gv0hajl4xapl9h908re2vjk5p,2392
kujira1dqj72qs8s4n4nvgtnjjnwrhk3s0cy0e8fg2ygw,49
kujira1dqyf4ja7jkz4r08k5gz6n7l9f80x4r7eahp02q,482
kujira1dsukvftefpf0sasq470nmvjxyy5kg25kg8vurd,4
kujira1dt3nzsdxyyj54gast9zs3xavcucz4gqa09jc5z,143
kujira1dtzl4zx0hhqdstu35epe5pgpkq9awp7n9gzfcx,175
kujira1ducvtm9ug2ehg9j73gvcaadnnzarqfvcvef5as,1000
kujira1dwjn78fysp2h590phmnznqndhuc4as6tyqfhm9,3534
kujira1dxy5vd2xe3s48hlwrpy9xeepqzn3jg9h5ayq9l,409
kujira1dyk74mt0vujcxpyrt52r8082ktxzjcld3wq6dg,25
kujira1dyps2cul0u2zlrg2hkjsgua80swrn64zk4tnyk,44
kujira1dzxmxc929v5wwl6ch6yu0nvrf5erqecdu5jdk7,12
kujira1e09gqxzfegmtrjug3epna589umuylzvha63tyl,158
kujira1e2m5qav5hf9znj93dzr6frd7d4mr2wfw8lmafz,10
kujira1e2qur2pmzn5jtderg3p7hwck53ert72t4kd73e,56
kujira1e3y33s5zuckqzjeny0njzqqjy9j785txp4yd7l,624
kujira1e4sfeuxv2zqxaswpngm43mp5rsvzta7507xz84,110
kujira1e5drr877tr9g6ahgnwlaehsccnzrem6snvqew2,39
kujira1e6yz9s0eae4tpja2z3p9pv83j4wzc98g678flw,344
kujira1e6zdjcj3wry34hns4pw9hvse7xcv9mmthgs8zl,1015
kujira1e7925azsefunnwajs2h0w5v8ankcn98vudyhz2,40
kujira1e7j9xz44zcl89heag5kyjzqu89cqjh45fecu5x,19
kujira1e7s3syegqhpvsxcxvcyfdkz0lgdnc7hzeyl7rv,18
kujira1e86vv4u5pkvlkgadct2jhrq57zqlls82yp3gtx,750
kujira1e8ls9qgznqe4qk27c7lcmrmqtuzz89qcfakmly,237
kujira1ea5swsyhae47g8qjenax8asxn2rjpejdtuexf7,543
kujira1eadg9pt90uunjpcwye7zn94d23ry7p6g4zlwu8,101
kujira1echtjakrrmy7zrjzk727vu5mgevswmr5rxm3hu,14
kujira1edkgn2pp5ealk9wtc9az5h4cq6pafnafhklw3v,114731
kujira1eeuvftdxk27efmttn8hpd752j6vazkzy6w8ajw,25
kujira1egjhwexfj75tqu4wt7f5s92zwt250h48aaw8sl,1
kujira1egnjmanmuxruj3sh9m6539hc4gkj2xcty039m7,111
kujira1ehgps9n084r3qpw67j59ardmmj20zs8p25l5pj,38
kujira1ehpy8lujjwp0u73p6xqa867l6h5z665e4xzdwl,3
kujira1ejhgqttsncrjk28hxmeaa66cxwcgmj0pf696xj,661
kujira1ek7mjp3vm85hfa4c2xkdvymhkehzjj74ammqcw,16439
kujira1ek9gu8urpw27ecqv9ve4y939yhgzl36d4pje40,56
kujira1el4z7lxhq970vdcyhk24lvaus58d5ghazgqmfk,500
kujira1elclpa4cpu3tshp9sd2r5v5gjnm6sn58d3erg7,176
kujira1elvhyvmsqyvdm5ycuppptqv6tana44mlpsw7u3,1199
kujira1emdpggt05ppuy67v9mxyqrd8gy2kkk5rk5q3dh,4
kujira1emed07j3g0hks6m0jxahp6xf9fk57n0evhdwrz,800
kujira1enaa63zr30z47laa3s6v8r7d2p48x4nz5rjr4m,3
kujira1enhdv0en4amypjsxr9cqlfvlkgl2umwuv3nd53,157
kujira1eny7hlls56cjwepkqlxac2l63hguurg0nmdskl,1
kujira1epxl7t6eggttqmvpmhcfs404we7ugjqs3j4y2u,360
kujira1eqd7tpwpcp42kfraze35mxn49cz9m45e2yrzcx,539
kujira1eqhexdtptfsgyz0m9efg8s8v5vcmsknxfhvkuy,4221
kujira1eqz3ucr5z73gjqn5hs3xadr4x7v5t6juv39zx3,29
kujira1er78lqy8s0y9t6l3klezy57xhlp86tthpkk23c,5
kujira1erfzcnu5pw5qlhthqv7en2ntc2yj5kkrk9rsjs,304296
kujira1ergr59ppx27v4cst6rhzjrag9qkpphg8t23pct,179
kujira1erqw9e224e259t8sgwkw8awkwmecxe4907pfqt,2
kujira1eruep05azfgss7y43ah7nxvmhsmxjc4djqqgmt,12
kujira1eu5wf7n6qnp7zzk4nexevysdehuwydtf5msr36,379
kujira1evtqzjkqps7tjtz46thhx8catgn5xvxcg6xlhy,4
kujira1ewrlwrchdhp05x98v7q8x2k83huuvgg8vd3jgt,66
kujira1ex8g7q7ndjxqn9cf5gekzjuxdcm06n8q9lzp69,20
kujira1excfmlghcek7r5y45w07gpjfx3puyggs046fhc,35118
kujira1exulx3ks38nhtp7hlcvsqy26vp5n6srj50jh3z,23
kujira1exyfx8y9mcphanlnfsh5f2z5g4edrnfu9xuu9q,8
kujira1ey5aeyezjug2xzuswl9ahkhn0mycnrvz64krcr,1000
kujira1ez4ev32pznjc6lp7yakdc7yj2quqhjrfynwhqt,2500
kujira1ezlw0ql90vaxysp3v8apn5pn2ztak2z0gf70ht,105
kujira1f09u94wjqd9f84wpwjxthpufqtx24rsk5g4ztd,14
kujira1f0z5pfp4m0vuukslshypcxj4thjxfm25lwmpaj,77
kujira1f4dkghkdn6vts32kf2jed5d3uevw6ang0rz785,320
kujira1f4j5sl4dafrw4r9u43jg7nr4k9lmm4f7857mmc,320
kujira1f6klmvl7ftqntv2mpcvnhujf3vs2xl2z69r3xv,20
kujira1f7h6ta3rpnrm44uw4vwkqt8zcvh76jn3zd4jr5,200
kujira1f7smazgnj6jdkkacs5x3whpw3pqqu2k9kzk5pw,102
kujira1f8f4k37667rc5md053c54gr2a2v7ea30mhjs7w,705
kujira1f8mnrf4pq9kjfqr4l2lww489dupfyf7f5q3qde,252
kujira1f8spmwwwu9hgn5rfd424h7d8jskpvnrhqpsy5h,239
kujira1faanzuuuqrz8yvsfyl0gckc4nesv2gwcgjkk60,8
kujira1fae9q2u05h2am320hx8ts2j5q5gkdukdwjw47j,24
kujira1faphvlasc827rnvsh9mg0rhkeakjreukfff9cw,3534
kujira1fapqgamx3c8za8d3z56sydjtjygyu0lyv0ue59,100
kujira1fc25459hp83pjev94ch9zlravq6ng4s6s58m5g,108
kujira1fc54sp4v8s7tsqv05mj4j5cpeg28mu3yf03vrg,1000
kujira1fdf6fe8z0wq8rpjnphc9x9mgh34auq20z8d68t,600
kujira1fdfgyjjdx2xffzctjzgmvpp5spakj8gqc5j33m,250
kujira1feuc7dw4ywzlp64w2z3fgwtnlh78zqglm69k2d,20
kujira1ff78n2kt88m465enu080lnnqcg5x8c3zpsu7fd,5201
kujira1fh2c6rvmdt5gahaeqyhf7dc2lxxmcu8kchp0qu,10
kujira1fhe0rmrdzpnw78s5uej9znvjkskcs3m30k20au,1441
kujira1fhhl6rh3x7j68ldcgpmxwdz2um4r3edeuxgwyr,565
kujira1fhpzghz8wes2skw5xwvn72628e7nxsh32lmc4m,8
kujira1fhr5s6awg0dud2g9pcm36xqgpxzr3lj0pv3puj,4182
kujira1fhuthxjgjq0zkyt2lkgc0vjcpp35tvuel0p7uj,550
kujira1fj6c9ud895drtfu0qjvtgufvenfkxvqhjjetuc,11
kujira1fk06xeslg7n975g28hvxazj57xj3hgtee22elc,1
kujira1fkcvskzg9y3a86vzwdl6lgenvufaekcjwvsvma,5
kujira1fkfcmyjx8wwkr07krpqc4h4nawjfq77pnwmslk,3
kujira1flj2swvdw5h6gn66rlen70gjw902k5kpal2kt5,2500
kujira1fn0dhyqw96949dj267634dj0gmzm7qewd0upn8,24
kujira1fnn3mhpdc94mpldd4mj535w4x9324td23futsr,39
kujira1fns7zsn2l0tanhmgrxr7p3ep00pmfja55sh7k8,955
kujira1fp7lar7valvpajdxealzhaf5julcpvrl5pjyv5,142
kujira1fq3d6ytuqqelgq27668zg0wn2g8gpk5p539vpk,5
kujira1fqrljzuhqggmn0am5npqmtytvj6mwa0nq5va3a,2
kujira1fqx9h8yx29y85n0f8kcwklzvrv2w3dkcasuxex,630
kujira1frruu2ru6prrr5lj2n6z9ltjs47tf5qwudwawn,3613
kujira1fsg75nj0t2pvn7ea4q7la8fnsc3sln2ed7j9q4,200
kujira1fsjpq8ef9g5txgezz7slqp39y7ltcxs8x9h0me,495
kujira1ft6gdwcedwdqe5gsp4uhcdvze6ualqg3e4l7jf,1017
kujira1ftwv988xjrca6c80newruq2y306fd2wygey5pm,16
kujira1fu2y5077zrl2s9sef2v4d8wg9ppvmhrjc47xtt,4
kujira1fufgf8kq8pjqqplnmf9vt85pz579255la6rst7,176
kujira1fugktusdrvykzypm9urnr5uudfkhasacp36zyv,139
kujira1fupakrgn0kqz52xatj200gsymvtmdyvsm5zuu8,44
kujira1fux8zgjs3kulek569jqlqvmyen622suzpfws33,45
kujira1fvvs8hsg8f2745t6mxl0t8yelq5aw452rh0fuc,11611
kujira1fw20xwx24xkcmhhqgpsxnj06q2lz400s0c0ut9,368
kujira1fw4gq2eluvr8kzga0d5j0uhpghln0565y3w9x6,51
kujira1fw86nftjkrky58l776mxhcauvyl7y0vmc8htfy,1000
kujira1fxtmdsa9sgqjfac3gf300yhjt7dfpc3rn4lgpq,1
kujira1fxw3azlpglvj7np276g09euu674m08cse6807r,3500
kujira1fysj4cadldlzcpjkfm2apdxex48wlvrgdnalxp,119
kujira1fzj8x52qrhwgt5g55a474c4znr9z02fx0cvxzx,14814
kujira1fzt88qytm5dlpr0u9av69ldp2tmfc8djssc3us,52
kujira1g2fw2rlthtplle950cmg5kk48aphlvfgmrgju2,7
kujira1g3un9pws0w5a0c98naq0csndlz0utrjqy7nl9w,130
kujira1g5hpt6hl6jaynjts8zwzkymsn2mwl7hhusxlmh,24864
kujira1g68t5pq5jrd0k3n2uvnkk6c4f50qsrv6q2r8kx,45
kujira1g692jde5e7nqpml4rmxgge22m3qvft8u75nek6,19
kujira1g6j0nra57p9mfjlmudvf6w96f5yuhp7737u9t4,20
kujira1g70wmrepw0279r5pzc53m6cuu0x9xmmjphwnl7,88
kujira1g7266hgx66am968gml4pk4jjh2u9rqk4w66qkk,225
kujira1g7fpvuz2q0y5t6lch9d6w56fx86cyqm0sfjrjl,51
kujira1g7ufmf30j383a3d2ffzxsracw4m8g8pkgwqazf,2216
kujira1g8ctqa5jfp253knh4nnjwy4aw0g4h5wwjytyz7,268
kujira1g8s2yyv8yajjuthtfjkx3yfknt4tdt2zclylx3,1201
kujira1g9kk3mq3ccdfuct9fj84zdt7k23nud9vkshclh,64
kujira1g9ms6atg0pdf2xshym8kdtmsnqe94uzksejmry,78
kujira1g9z6x9e75falw6m04mw3p2u6n6z5f4s7depkq7,1
kujira1ga8nv7ng4955t2y4anxwrhp7rkmj42l6ady9vm,3047
kujira1gayj3vhg0tud5z4rpujr2lwvglkqzgzhc7578y,50003
kujira1gc0s3grk7e0yqjwhsctmm4dwh28ryh79kfl2ns,230
kujira1gcjtxsa5dj9vxtnmf3ld6jg63av9gkj75w39ss,5
kujira1gcmrrnh0z9s8jh69el7vgepq349v0kxmkw0cvs,1
kujira1gdm2fduphgru6gd6js955ctj63df4put8qngqf,2467
kujira1gdpllwlt6jtatm8jpjva2felqxd4v7hunlhvpj,130
kujira1gdr4787tty55zrmtygcna8tla4un2v5uzd48af,5
kujira1gepyklef47hs5arlwszlj364xsrh6se5vsuqra,51
kujira1gf3upwz6a0laz7edy3g2rwm0xhq8e7hgflmhkw,2
kujira1ggkeuvdn9rkrt80s5037jf0u902wj009dwnkj3,10
kujira1gh7t8zfeym9c0emwcsnwjgcuew7fzqc75yxx42,10
kujira1ghrtysdu9s6jqr7a3hc0ad4758mghwcvl83jfw,54
kujira1ghyh6m045x84l6y2spdtq2vfy670qgc4q9pup5,41
kujira1gje424fqrgpyscuw6kya365se88xym5vwpycc3,2
kujira1gjej6szndkuaadfsu4u8mhrul6qhyfrqx4cw8u,4
kujira1gjh6atlq7xypygs7ga32r75kjpey09m92lrzf0,3
kujira1gjxn9xgzudv7vj7vuq6z8ucxj9f2yd0uxt668z,89
kujira1gk767j2ah7fayr6ltn4kdprjlxx5zqa2sppxqu,321
kujira1gkfm69ulp493c4srhet0gm8pgpzm7j7uz69lll,650
kujira1gkgjg5v404pgq0lhyuqw3cynjr8w5r0z2fpauw,3
kujira1gm5drmc3zufv5yayusm0rsr0a5vhp3tx06uu46,500
kujira1gmtcf9s8aevhl5nrm5yytvxe48t3aq32yvmj36,370
kujira1gn9ae29kngc0fvahz3vtfw8elksc5majckrad7,765
kujira1gpmdu0854v9teuy0c3t43dc55s3uu7lqvy630p,105
kujira1gq72dmlnr70sg7kpa7qe0fp5vjdfugwgfknzur,168
kujira1gqcsp5u2j3uew074en3jv8ekcn9y0xsshs8z4v,26
kujira1gqlvl2qqectkgz7uz6gkjust00m7q63tvhp3yw,211
kujira1gqqd6eeedgjtrp83v8zn3c8wgdm29medzh5wfe,65
kujira1gr9lft9zsnury0mun7y0e6ve9afn0u2cyndqlx,567
kujira1grdda4v6n5wddmcrea2mm0vl4f3wvpxj4dkkt3,14990
kujira1gs4ukqwsz4s7k32tldeu7clyhpnad7jh75rahn,202
kujira1gs99z7kxfmaelzvkll4h38dvqdm0u09wsrcepw,92
kujira1gsf4sv55c6ph32gy4qsv8y8pmp3h2xq4qc45m2,2001
kujira1gsyf8zx2m8ehrkzvnr7fzhrhj7djcwcl2h4cg5,80
kujira1gtfalq27vsk8fu6g7zhhvex76pwaev5wk4j09q,21
kujira1gtp0xylwh7cr8t78ctz7r3deuurr398hu98mh3,1036
kujira1gty5x97z63mxvdnmfh45d43z2fcenfny5m9hka,50
kujira1gu92w3wkwawq6q8epdsyce6x7q5gzvv5n5wkwq,31
kujira1guyctvg3frna9z5gn3gkdxkfyrsa82m4wk4sw4,8
kujira1gwh8n55huqu9ffkz2qelt80r57k9c6wwq7nrzw,65
kujira1gxgcmpes4amm98490wtddv45trzrhfsn9u6f4p,1041
kujira1gxzzgvt266t4yec44nvm32crzujzasv4hw56fx,115
kujira1gyanfeg8mlskk4q5zzw20dvvn6am68tulv5wjx,67
kujira1gyqy2ys2z3vqx892dgfr62fhydvgp0tr9xmups,46
kujira1gz6r9d278t2ppcljltpgfrp03pdmxjhnydv6ek,117
kujira1gzfcrl7mqkgxfs3xzery2f6zydhy5gtjkuqwcc,67
kujira1gzjv94ld06vxf0mwxd4qycau24aeag9daclz7a,53
kujira1h02ursf0rw6frveffkkpgvrg8wzhtkutmf2e3f,60
kujira1h0qwpv0l2spu7h988dvh92q0v08gkkwsp2gqlm,750
kujira1h0ytgclzxf8d6pm45hf8672gs3hy8ptyujkrta,10
kujira1h3kc92pspgttydkwj77d58cee29xzgws9fez94,35
kujira1h3wzj57suj66qtvlf4sd3wt6v07ur0rh5ffpcn,10
kujira1h484jylpn93gqc0wwq2vlvxcrgtq3d48zjs2q2,148
kujira1h4sydme745yr065caspk26fywke5le447gtdur2z9aa4hv3acazqxlqcnv,3000
kujira1h4w509ewf0wh6m3d9fqyak9z45m9lrqsa8jj2t,20
kujira1h525rx052gx2qt9qc9jqj6f7thv5h3lylja47q,2000
kujira1h56cvpx60fl7jymu4sc63lhmtrzcp4g5kczj5l,22
kujira1h5gc2wf9c7s4svxvlkgyxsa3hrzvf86q7m5pdl,2606
kujira1h8z55vfk4r6v9swulhwr2h7hd0sn9qenvgqtf9,3
kujira1har2z2hagg4qpuu4lswndfq400rxraxjq8n24c,3000
kujira1hc54kmcfv7f2jeyd32v5wxc2vvxk24j9mq7wwf,60
kujira1hcyxlulh9hchsaxxcqkdgh57xv8dug676hg2tn,1078
kujira1hd2gy53k6vfvhpf0wz3djxhsdnyw22d9u9ceaq,14
kujira1hdcc4qfje3mxchdtsvh9a065yscqjn36tjzpzg,80
kujira1het5ulhuwssp9stmyslnmzx3y699cullppgutq,64
kujira1hf0l2vrnep3gfxyj88ule02xm3ynch0egpl5an,5
kujira1hgaxu7d5ukzgq3krr2tap45rfllex3fz7t3y44,11
kujira1hgfumdhn3rfg6u0cytaadnmus0sxs57j5ywtfj,999
kujira1hhaxvymyp9en02xf3je5retlqfum0p3wjhqhq5,1180
kujira1hhayvgvz3qqw40r7tg09wan8932wuw6escuw0h,614
kujira1hhf74hy960585uttvp2wcrkwtdvyvfdzah2anh,15075
kujira1hhqrp4kxyt42qq85jleaud0ytndf929ux8xncf,518
kujira1hhug8pvw6unrukj988f02k8we67xc4k3q6kkfv,101
kujira1hk8468sm8r2pymcldy4tum4tj7s8h3lyv0kp6k,10
kujira1hkw9kgr5w32k9x0t0crmxq9mxfwyhv0xrleqxt,10
kujira1hld7qj5ku5s22d7ss0ff0xy0f4vl8zz9cuscnt,590
kujira1hlmuc0w9uh8fupchez73u69f7wmyt8c67a7vlz,11
kujira1hlymwf6w82x330f44yldmw5thgwtfamqh2vcjc,7
kujira1hmd7dc8jmgxlewgc43cwdqdxnwfdrd46y256lx,26
kujira1hmgg97sd99eu2vh568a3tvcj9fyy2s7saka0q7,131
kujira1hpua7x2ng8nycxvmqsj9cjp3sf2p56hudsu8qa,5
kujira1hqeh08alwvnsxme6m9lzm3ruhj23ldv4r46ha9,5
kujira1hqlccktvv33yslhftt3fwja089xpvgw4kupjgy,248
kujira1hsj2g0feusqgv5hysnluwh7mwzusxat0lepnuc,5
kujira1htr84ep3rr7vwkaldqqv7jvpgnd6kekeuvnfcn,80
kujira1htyj6cjx40f9jdad85c73q43pm32gwpvmt5exk,30
kujira1huu0y3p6z687rmfk9mykzv490k64kqekg05eh4,5
kujira1hvp3q00ypzrurd46h7c7c3hu86tx9uf84up6a2,168
kujira1hwvj0a8hmtlq8593qthsu0r748y4kek2vssazv,51
kujira1hyrtpyq0wn44dua5crwhr94r4wzg69ahtdggch,875
kujira1j06v30jujsz502pkschx3vpds8j0l5pa7npgwz,555
kujira1j08fdwxh84whzxj3y87swgd5u7wsjsz9mjj43n,4
kujira1j0vtqm0mvwn9qcq3cn7zrkfma0yejk4ttczueu,244
kujira1j2pjtp43yytc7wwlcmyghaf67cgscvkhwgm6m2,178
kujira1j30usujgu2wljjkf7fgmn5t59w2g4xnc7r3s7g,15
kujira1j4wl4vy8p3rx8qqytccdqt7rx22sckcth78fcs,341
kujira1j5cephkjpxqt4dekw0pa0ly6y6pqv8wcy2wldv,1
kujira1j5ft99lyd36e5fyp8kh8ze7qcj00relmkguada,82
kujira1j656eucu56j88uvwukjm6r25s9tn5zssx465l9,29
kujira1j6ehrzsmwcg7mjje8m34qmnj6txu8v58ytfzna,690
kujira1j6hwm5knyhxs8fdvge36tne57xeqsk0e5x70gg,8
kujira1j79h3e35fzuugtdt99cm9smtwrexk277wluz3m,13
kujira1j7u72t4jfwxt5z04uwvf3s68zmaaxqxchfqz03,1290
kujira1j7zdf98u6l2e7lnax8zmjqhw5kwf9k287ks35j,1
kujira1j84sq0ucjnmgyjvp9ckjpuk4cjyj5s5nv3zrwp,8
kujira1j8jd7tp68my4sp9jjulfwfprw333ck0e6792qf,12
kujira1j8rnlf20mel7r4w24gg653rcf4tw7gsa0zys9z,305
kujira1j8t9s7psm9q7u7janagzn03vja6whdgfz09fxm,24
kujira1j9z6nxxkt7npefv8gw40md68trza5lnzu2vf8x,5
kujira1jcs6ah3e97tfwxdkamsr84h7rkhwph7nvk9efs,750
kujira1jdfegzfta6k7aftdzdmnxtjyuvlkpesz7wxdww,122
kujira1jdqp9e0y7wrvnq38n3mvftcwhap7glelw4u579,52
kujira1jds98a8qcvhvnd8anguj0xnqgyawzh668mp2nd,1495
kujira1je833ut7jqgh8zj3m4z6mkry02h93eful26xm0,627
kujira1jf7u589sr24ae47stkfl93t5xkjut3srdgwzca,10
kujira1jfex205tlj52nszsgce2hazt0aqj00xzs5lknt,29
kujira1jja7adej0dvt0dn7vdmu06hpql69wqzh9xqdr3,29
kujira1jlqngqcg0kl8y45uu7wq3f58xdu2wwpw0kdw7c,214
kujira1jmcqdyh9auemdr35xnqsywpagd9ty3yxenel0v,3
kujira1jmpdx7kr4vks8kgkge35rhaff7erkgnm324gj9,36
kujira1jmx2lmmq777qu4zjc5gsffskus7zu06d7znatk,11
kujira1jn4dhxxqjv00hwe5vawwg2nqxanjtqtjp3ppzu,1000
kujira1jnarymhuv932pmct3j6uw6qzpf8wx9g36r2w6a,20
kujira1jnersgg05x52a4fsm4caas5n02vcqsxqkcmhhc,24
kujira1jnk7v30f25cksrje93hxdypugkxjncwtv7wv7j,6
kujira1jp6f85x026jfgfj4qcpx386u76mxvfgtheyjfa,97
kujira1jpejq9rxhffjd4e9zlgzsapr4yg6a9pt5fdngu,72
kujira1jphctkpts9sqvun2w6ew8khx875wp0rr9eefrg,4518
kujira1jrg9qzh8vkw8y7kecpnmdt9feuvzr2z40jn25p,2050
kujira1js4f9mnjastquhcnpq32yzrlj2da3ygcjwuvth,25
kujira1jsku9kn6jdup6nd2nej48rqylyls9v4tu0hwas,23
kujira1jt0tqm0vs9nd923vzfe0sa5xxnxtmvavr3rzne,4
kujira1jukdd76z4fzvf2vwpf4jfyeghdgnjmms4sj2dk,1595
kujira1jvh4twzc0d2svn0u5xw26xsu8qmequ4vcyzp3f,1025
kujira1jvm8gy4lgzcrsagxpyhvvxymz982y3j5zjalkc,8
kujira1jwlxkz2mnwp6yd0vl6ytpzzw47gsjz2vx3y7p3,224
kujira1jx9gkx38esdasjuvqqe0kxpnuwzujkcet77ljm,760
kujira1jyl4w7av5y9fpdnf3aa7jdyq9c94z0n6edeld7,332
kujira1jyrlnae8gantj9alsmqw2hd60f8atll5tm2aa9,5906
kujira1jz6ah94fcqz7p85h4nza8rwk429fadyetkqure,2113
kujira1jz7av7cq45gh5hhrugtak7lkps2ga5v02a4fk8,101
kujira1jzekzshmt7hurf5j0qkprnv0tnrj9mc0eteytd,200
kujira1jzwwn64rrx2khlsfry375z8khd8kmx9cmqwdyx,1035
kujira1k2hj46rcugcgchvahh72s4ma84z3xcwvj9a3fc,2
kujira1k2nspyvjnwrxtnwpadmcjxp0wpw79pvh4afxau,6
kujira1k2nwfplqqwz0zpk8j0qzku5vff2ymyk3j9auc3,670
kujira1k3j8aelvrjq47hl02yzax57l9r7t6pkm9vyese,39
kujira1k3txkfhp3tlqdglw08jr9k4z2qch6yln2d8gcl,12
kujira1k4wzk63hdcr33s59jzpqs7kz66r5p45es5jp9j,10002
kujira1k5euguy0tq9ajw0jn7z53jyz4v68l5gtcd4226,70
kujira1k5g4gt2n5vqx9a3u328dxq7ermmdkqgrluvnjp,2438
kujira1k5w5fpu3qt4va27vsarddnruumqqprs88q4xfg,500
kujira1k6znszpgmexvhmmrvnnll26x0gffv8w6fqx2ts,700
kujira1k77p896ngf0e3e8ald5apfhfjft0pm8m4pz2wf,360
kujira1k78mm7gxakhpmssc5dw40udg0qjlctc8xsr5wx,1000
kujira1k8nrnuqmfrg79q4f0lfqgwdyt6cmendun6l8jv,56
kujira1k8qq5x7fvregzqwk4rgd6c624pm29q3weqwka7,1253
kujira1k9hqgkzuqqgturdahg9f3qsscj85nxwtkw3dmf,37
kujira1k9ur3v6dryftc8mctrddtxud6easfrdqg2vt68,197
kujira1kan8ytll650t9yawpnm92txl6eeas77wmnwpza,51
kujira1kcg2nxv0jx6f2268xgh355vm9klm7se8ktjh9u,10
kujira1kdjsd2ewm58ec4pj5z7mgkhayrqrvjmhajakkm,2
kujira1kdl7nggj99pupnvhfe3xvzy47280yclv9xvzfh,414
kujira1kdqzr2j6s38ad06n2s0zt24cz4g0x6clgvcmlz,35
kujira1kdrhvufekcwv7y9qkhrdjxxm867y8ngg2zrjz4,800
kujira1kduczk488wl04924a4qy7hxj8gd6ytuh4pn69n,16
kujira1kdze9r6y8jx9ljjxrn3lzslwcw8vpx7phwmdvv,825
kujira1kerx09xd0xpnq3pauqgx645wdd4p2apxud9cds,2500
kujira1kfngrld93jtymlrjftuh9zxk2h2vjcxn8z5aep,30
kujira1kfw8q70577yerlyk3sz8zcrvzc2qpke80n2zec,1000
kujira1kh8g8jdg8n9r4advm9nhhyg3dwjacj9h64sxuf,10
kujira1khkedwxf8nynx9ekar48vzck6c2zwz6s6auqze,19
kujira1kj2z2cjvw7kuxpj22ann0s2wmg03a4p5qc4cce,82
kujira1kjktcengqsxpmflw6dm8gj7gnhqs8nz4mcuyaf,26
kujira1kjr2ahuv0v93rk2v5fu0vqax9k80szmvdaxpqp,6
kujira1kkpl4ksu6y5mruv9ucg2kcu39xarldwvrj67jq,98
kujira1kl32k4gjnmh9vl5cqfrymht3sf6xsv7sa7z2n5,500
kujira1kl84a6lkkvd8w4twtan5hp0r6yq5lzp0glp8a2,1000
kujira1klkxflmfk3dmszk5fyeuengzfyvyaczqlm7t33,83
kujira1kmkrh53dkzcczzer30jw8zalq473qxzs27gz2l,30
kujira1kpxd5aqyaahjtvjrqhlqwdurpv8nuar93p6emd,125
kujira1kq0vsru8ufey2pduv7yn4ppp3h8k028tzqu69h,208
kujira1kqf24kskm3qpventwfl7nufhrsdnr266v9w73h,35
kujira1kqtu5swvgzqqe6es7l6sj82swg7g37l5fakp3n,833
kujira1kqw52vh08arln0ksuac39zkrjnrhvslu23wmn2,264
kujira1krm2dexx0gcrzxhtvll8k4j65n6z6faq2vqhut,10
kujira1krs9xakfe9fyrgpzn0vlu85n6z4vkvslrkgzje,14
kujira1ksm8a7gurpeugkpk33nvpvcwdwtzcaq9a6s4e9,20
kujira1ku2k4ttnyg3vrscnh9jmw78u7q00zwe0tj960y,15
kujira1kvdwp775zusf0v4ga8hmmpz00snngex0d73sku,85
kujira1kvh6nggq5uyz85qvf92hftstl96dxfmu5hnhha,358
kujira1kwhj6hu906jy6yv4z64uc5y3gh604c558q8qrd,231
kujira1kwyjctf9y5zn37tryx40cjdf9yvdyp42fr0r67,13
kujira1kx3xxcpfaegq8nw0e46la339lgfmqahcmm8e58,2315
kujira1ky7m39mszht0rveq9y0ramqnash6jp5khmu97e,140
kujira1kz22980et2kqkhek3gxywgqdpmgz5xvye4a0cg,100
kujira1kz7dlsyksu5t6x99aay7q76ca3tlxwk0uz93zk,95
kujira1kzk0pye4wc4ycuen46qgyhawjpe6x2qg2v9ysv,563
kujira1l0cf52kvdypg0709z50amvmgfq4g9wn2q7wtzc,555
kujira1l0f2ckdsx07jnxcy3ucq5x3fw6ttnrgj6637m2,5
kujira1l0l0ty6fw2kyxv26y7qw957feqr8wlsml9tks2,10
kujira1l2jeel3xu0v0udjaw47sfe56hjnm5xd7z0u62e,41
kujira1l2pl6p86vhhhuf44asyva0tk8xkcs0406cmj2h,30
kujira1l527zn9t6jskjah7tgg8xpvqkyeey3camz5x68,55
kujira1l5x5tzg9v723nurtvkppst9e0q3lmknc6wp7mc,8
kujira1l658lngke5dndaycm8mh70jm7p9mfhhnk0sqpw,25
kujira1l6zt73u4499gry8pscynxktlljchexzx9w783c,11
kujira1l72ayh6xpge306s6jwr6l5dflrj35kfk99cgzt,177
kujira1l7a5037tzzepvfa3yuhfvny9h7d4w5uuq5vt6h,4
kujira1l920xmk76sukdzcm88g0ex6jt8w05dy7jvc2r8,20
kujira1l9qv8u0l45z0lqv6jpvqu75mvzrn9f4pltx4nt,39
kujira1ladukhppthmk0aqqsgf6hzty95ajhsn4lcjfgd,104
kujira1lahxpftql9yjh8s9apmhtmyf7zt4w238fhr3fp,70
kujira1lamfr7ufuflu6l7aukgjnrqzcg4ad277va5085,65
kujira1lcfgsnhlgxtq8dklaljz87d4yak666k5d3z6qk,101
kujira1lcjxk69wuyvfsrkp60tr799pselrkjsejfakfr,87
kujira1lcvgw8s9uqvtjnem8h4txqhpvj5evdgd024ffy,988
kujira1ldm9d5gex7f58vh0g6pdt48xt4lz9fdmhsg8z6,25
kujira1ldvs3hv8225uynvnfvy55xzhv50pg5uczc8rle,4
kujira1le66nwtxhtfg35y6xgrqzrtckgd5xe3vgx34hu,61
kujira1lf0ll2cy5yk4w8lq4p680892sw63rfymdvc9jq,46
kujira1lf87nq0pxw7qzcvvc65evnntd7za6mxw46w9pq,21003
kujira1lfx5twrgkj9at99n5pgeznn57zjza4n5cnf879,341
kujira1lfzzgrtgfq88jyqlkerey6st622lqp3lg8t467,21
kujira1lgu66ly24wz0x95hkhuzny754hfm9pkupnxwdq,38
kujira1lh6ruf253fhjykdesvfccy0y0vhjque4e6duz2,100
kujira1lhy0esw77c8c2754g26udflrsrcmeamkck2dzy,7
kujira1lj9r7c0cvm0fhwn4h977dam6medxf389haxfay,50
kujira1ljd6d8quzfn4zev99unxnz5x89frev3vwu33rr,2033
kujira1ljltukckt7qw6dsxralpsfm0k3pelmnfuy0s7m,122
kujira1ljwnlxl6jw20jhgx88zty0jaev665mvlu44xaf,1170
kujira1lk72h6jz38rj58tr4v9y0pxgvfj2syjrsgp4fc,119
kujira1lkmlv2kwht6xjtnxkw8vnttwp6ucmusvcjth2s,481
kujira1lkszs2qrkuep9nkq8tupg97qmf80ef0pn836ys,3243
kujira1lltxfhkqyhd835ha3j5690wc4s0canjwhvvtmm,112
kujira1lm4af9lr9ch6u9t2p2hh8yguh72mxe6wf3a45t,83
kujira1lmsgd4xg6pk2es4lsh84dchlu5ywfd5lq2tqey,40
kujira1lnqd5anlxfeq8nj9hkax5xwzdcqqchkyp2pess,170
kujira1lp43mmjg97gcg7n5a2tynd0q4hq5f5v9afy0s4,1056
kujira1lpammd4s0kawhrc5hlnrdfv92rtt7qdyupa9wr,297
kujira1ls6mvp589q7qlzrev4pfdsdwn5wtvzgv0j4tyv,1021
kujira1lvrgkxm0gzvsh2ruve02k3tq3dv3fce3yq5ct7,165
kujira1lvww36m4e8k2sq5ss4vsa5c0msjh8wm7vqhp34,1006
kujira1lw8f8vrxvqehzuk5fxwthspvvl4el8wafwt9yy,54
kujira1lwr6hx06kfjr9rmuj6xx6xf7pywt2jzgwwrs8m,193
kujira1lwu58mywx0qe706u9hssgu48pz50gvnu2tkh60,5000
kujira1lwxets8kd4xmz0hdpcuq48qwen6u4ekr6jwhhh,14
kujira1lylvndm25yr6ktk5qnv39yjwjz4kek69cdtsp4,53
kujira1lz24q5pvnnwnwxlajhdsqjpn24scszjpn0lt5t,19
kujira1lz2fcp02vl8cgqqeqhrgudf5xdrd9u6mgeyv46,153
kujira1lz3h6yp0k8khmuqf0r388sk0drtsf2ple3mpc3,3304
kujira1lzed3f2tp0xty2w55ytlumv0p732dgr760cklm,167
kujira1m06fxyn0c48ejn3u0pudl4tdl870evwxms8pjf,25
kujira1m2ftadlnet4lxzq8u06ttj0xl7zyrfc8df4ha5,3000
kujira1m2kharyxj2elsy4uw6k32nzhrqxe366gwanm37,1724
kujira1m2nfw2nyc2gmzu9rav33ajqgl873k00vslgtfn,205
kujira1m3567wl3jl0dwvm5m3et07hwmg83vvn8zsjvny,567
kujira1m3esxfpc2qlk75jyjhfgyhma3std4cmv9axt4n,31
kujira1m3rppnp8ycrcwsvex3stsh2mg72s9xk4mtkns3,51
kujira1m5kpx8kgd0xp6f6zvlknw9msz8yf2z36ya2l5e,10
kujira1m6nj3u4h36steyumz9p9fq3mmz676xmvcu2r6w,3384
kujira1m6xmmjmrhxusvn0djy0g45n5lue0pvhc7p7d57,1165
kujira1m76s3lm9a3sdvhuxetle5dlq9smzllf7zypu63,174
kujira1m78t4rygjmp05sww2x93ectvu66s69t483jctz,52
kujira1m7fp3yd2r5h2u4uu02m6nstceranss8vtyt3d7,374
kujira1m7l3w7x9rv6rsmzcfy2d2yjajyv7wqmfyp0eng,268
kujira1m7ws6te2ds2ly62pl20jzdqglhse5f5z8udeuh,218
kujira1m8du4mehzfl0y8ps72a6fzazjgg70af0we7k40,577
kujira1m8r8m76cqd333jrvg5wdc5vewlul6e2gfc4qu4,68
kujira1m8zyzj36umhnawyy4s4chg78f8vh4ct358qsaf,108
kujira1m9dwd037y7ma059xsnzwey92xk3v8jmydyhtrz,411
kujira1mccvfrx6ymu8mre5mqldqvqgd80qceag62vm3g,136
kujira1mckpt4rz6jp3raeer97gcxv3894dxfk90lj97r,5640
kujira1md9zaw7gpnrfl2swql6hjvgttjuf6cvkjzl2zv,100
kujira1mdaad6r89wmc7hjpzlhwjq7ned36j3cn4yj5gk,533
kujira1mexk25frduaqrfxjeuenh2g2rfx4a0xhyy2vmr,27
kujira1mhz3nkm7ze0g2eghzpg98gghc5e478r7ry6k7d,22
kujira1mj4c3whfpphcsw0m2vu6g9r0d6pgv8cfhmj3f5,712
kujira1mkufrwcpfz0z6xyvgm55t5qmjwnrtf3ua974hn,48
kujira1ml86tlprxppx4hr8ycqfwqvrxd520grscv793z,7000
kujira1mm3fv4v7r3pryyqjspemdet22xka7n26vmzw4v,429
kujira1mm9c780seznwf2aaktenw3nsjhpp0klaj539e9,267
kujira1mny35yepse0y8d7m9zh8wpl5mlphts9dqulw39,169
kujira1mp0a6tn3fsk7afk4qg7hjc57f86qh8px8aytgj,86
kujira1mpulczzd2hn9x0tc65x6gdpr7rml8rlcst8x5g,66
kujira1mpx6rpvq8yw2s839ufcrq8vn8852a0gp7kckvf,110
kujira1mql60trl2df43sqxmmysdsd6t4066w577vs6dq,100
kujira1mqwwa8e02mvwcnelwajxhcx7p7kqmkczyl2zkp,122596
kujira1mqwzx6asn8fltassvsnkgsqs75gl66jtuzdanx,183
kujira1mrg4m8hl7hyrt590d3xgvkcjgzxfwqdykmr0av,166
kujira1mrnzl2cf0tp4pp2jg5yr5vetf2gv9645m3cww3,6
kujira1ms6ff9kpdv08vx7tuukksghlururqju6sqvz39,4732
kujira1msga35xat6cxa3ajfpurq0slcng0pxws2nhlz5,9101
kujira1mslnl7yrrr0vm6n5482h2xehxzqqjrp0vxc836,130
kujira1msr6lkw2am6q2d2eswd4n0jjlxsxrnety6v6mu,277
kujira1mtkuu5pvn9uzdlfg6y4dffvmrsams4dm5xa4a8,2
kujira1mu8s5qk35sc4e6pqaufh5pvq3yut2yg3njxz94,191
kujira1muahpd4xeea3x8sxlp9w5tcgs7prw2fmg4m3c4,2
kujira1mw6l2gd2l0jt8phz7yz5l7vyfl4h2qpkacuacj,6
kujira1mw86p44ehe9eet26ufpf09axmxj9ynv3aqz6zp,100
kujira1mx4zxmq9l3an7a2mgzs0cvcdernz633nhj3v59,35
kujira1mx9vtmz65syrh4us5xc3r6l6g4pnp829akatth,114
kujira1mxckcsmdcw5e3mztr2vfk4rpe8kf2fvg6jcsp8,153
kujira1mxtmw7n3ctwsrss4a37eqg5qzr3w8f9ts5aa42,400
kujira1mym8qc5p8zkk6t88swqxy554es0dkg972nl6ud,23956
kujira1myw2m6ty2es7qv8aj7m74szv4ju5yndnvn5r4e,1
kujira1myzp4t0h92n2ss68vw44jtxec94p90c3xm0eqw,4038
kujira1mzg5lw4kxx3m8zvgd8tzjdzy74g9s89sm9j4np,10
kujira1n0h54c882xqalqeks8vy45ftl2w74naq0cusqa,561
kujira1n286uwjhyp6rz473kxysghnhne49ztrlall9vk,5
kujira1n3406p0c2xm4pjalnr87tuhvhk8krchl5yxnan,64
kujira1n4dq9fkhp78pc8hxg9n4py77ya004888xag8ll,20
kujira1n55lpfr3wr3r6acdq9t4h6u5737pa5mwfz2hue,10
kujira1n5ca5hg7h5mnvw604da9wa5jscptwm8ve2leut,5
kujira1n5cspedslkmu8nwe6qdv0nsxv3z3vkhwq6twk2,9
kujira1n5gytpynpg89z39jy7w2l7gur4w58cal7deyf6,200
kujira1n5h3pj2yhwja9r7kq02a0q46ppy8tna0qxujv5,11
kujira1n5yr7uxk9eza6m29ew7zvrc0zkd5nvweu88aml,40
kujira1n6mnnz2ymsnlrjnlcvq4twxs97xrv00p87s77e,47
kujira1n6nkqw2rpvm6ltt7mfkderr442zezz40mk8fty,1
kujira1n8j9xve22sh5arf2kfdtdde46udztadaxgjkrj,2060
kujira1n93esxf3her0vszqzyskq5lp763qhs3d5v6pus,129
kujira1n9kpqxqjs6wct4ee4htn4jk9fc3np28skfm5e6,251
kujira1n9zyw7k394a0lzy8z0pmjcqxmpcv92w2th9md3,101
kujira1na05yq6gx2edaxvhrmfj5u3mqqweyyw8tg3q84,85
kujira1nahkrrrzfddr9rl6vxngua7rk4wt4w3l7gk2sj,52
kujira1nahut4q2fc2egul7mmldlcqv0j4j7w2h6hrj0c,69
kujira1nc2qxfurumrmwhu3e3vfj6qaufw5dscl89sezw,120
kujira1nckqhfp8k67qzvats2slqvtaf3kynz66n3cyvl,48
kujira1ndh22elf28jvysjp4chwdk7fuzmhnk5lx65nh5,234
kujira1ndyg7m9genl06rrds8hd4rkkw89ujn6y593g9d,1789
kujira1nfjj4wk5kf9lujvx0faz3dedan8fk7yznrzny2,57
kujira1nhaglca24dxrkeqr76y83wj6f2n8taf4khdmss,159
kujira1nhnenkl8rcqfng0qee9dkgykg7q6k52s8c6ydz,20
kujira1njn4zjjrhs89nfwskjtzerchdkur5pfxkpumtw,9
kujira1nkx2vltkhmc7gmv4m8q6pnn2an8n9x2tjswrqx,5
kujira1nl229gpfz0erdf5q2gz58pl8k7p234vwpkfxr3,20
kujira1nllnffudccy2f6wrfv4djaadsvqsr2lafyhvtw,1028
kujira1nlnrxjsum73h3enu9afulwss3a4yjl7avxzq8c,19
kujira1nlwft7nqz8cyytjkn3xhfdwalk8rdvpygt9rfz,83
kujira1nmgddlj8jz32caftlmg8plskkr7xgafje39uyx,135
kujira1nn68luzq6x7wf0uy0x2hdymlhj00vp0l8tpgsj,25
kujira1nnur9vvf95vh4amwhd0ryy3v5frwtt832j7mng,145
kujira1nphed9yccwkpaqzn2ra8r7pvaws8zd9trf5mug,19781
kujira1npn2xcm6u6jx2esjlqh5a9yc70h034ndr9k7mv,3534
kujira1nqks88074lcxtyp66z07vlanyaxme8p223n740,50
kujira1nr6m3gx4v9a0dj2vj7ff7xcgusar66cylzctrp,2
kujira1nrvc7sm8e07he8l29d4sjnpg2xek7u7wg6pcat,37
kujira1nsempd9ljljetpecuyc8m6agh0up8e43hk6d4y,18
kujira1ntewl47q9tg2d9m94elncfn6y3clku75fgjrv5,23
kujira1ntzr7je3nh8j4z6957sxer89p5f5d4hc3k53f9,222
kujira1nu5jfcwjcwaqxea9m56w2gwnyaugenylx538h5,60
kujira1nuy5hkpgs0a0xmt64tkyzpvtrghy2rcn5lu7h5,1449
kujira1nv0apxw9k0p8jn7nra8us5afstwpq6g95sqjp7,14
kujira1nvet32mwypl34t4msekmzjp58v9jk5k66urj0j,122
kujira1nws9kw39akd8kta3tw0gegld8t2f20uv32vlgu,9
kujira1nyatzw6eyk545rz4s5d7ns0825psm9mgjg4xl4,10
kujira1nydpxl5x8sp8kfjrxrmkr8taml6v0ks8629p59,114
kujira1nyuec6lck8pq48eaxqk738yaluyszg5wyeasgs,6
kujira1nze42jgkycjwqvuzzyh5nq6uha2v6lrfksl9uw,2402
kujira1nzevrg2qrpvp9jxamaew3zrql65czrph3v4wu3,61
kujira1nzt0e6x95ecgs0huerguprfzqxawcwc0ws8lvx,10
kujira1p0thdn96qx07veretqvae7ugnxsgfcx4z95ju3,29156
kujira1p2k2w0enr4vsjchfexr8079y6sjy5u9pnmg2rk,5
kujira1p2kgzxlq3afe3zwael2xnf8gmuymrp3kn3ehqn,52
kujira1p3ctu803e77t8wwh4nf5atwagmjpnu5mynz2cs,165
kujira1p3elewj6tz2t5t30s09r6lqswu8hpk5sf4zjmx,122
kujira1p57tugeszvnp6zm9r02lgjsqsffsudf5yhz9ef,6500
kujira1p5cpd6a6dh3gwgv4cl72jhceeac40pp2ey6dww,24
kujira1p5tndcddgwwrj7ntp73ku4cep3kzktetwkel3s,280
kujira1p6763cacd9xxznfy9ynn3wf6mdp6hgrkq6kv8v,285
kujira1p702gnhy57a4yp9c6kajqdq03eq7ndavscearq,30
kujira1p7wwlxyf73pc5fr4077hel9s049t72mmuahu77,10
kujira1p80y4t4ct57sv70kmdyxalmrkhp6ssdtm9nv83,100
kujira1p8ktdc6st0tcd0rqx6eu32xpcf7472supynryr,298
kujira1p8ljzm5vdxu65h5vn28du94wt260tzezy05kw0,48
kujira1p9k8p9zaegef6c50fqs8h2ya2eslcd0qry404p,19
kujira1pa67ptm5weu6c72wr0sz9yh6kllpt4zza6pkgg,1
kujira1pap8ln73wx3j530q5qnm6telt6nwhq6zrmv908,13
kujira1pc9px2z7x5h4a3ht0cj0w7lwdz20unpzweyyxt,176
kujira1pe3nqqhptyvsc7k8zpt2qn7flk873umrdr3uz4,18680
kujira1pfgwx92f02aqdvmaca8kvj6jl0wf6wvze2fknl,3017
kujira1pfls5kpcvyutkgepyaj9faeqvjxhl2asfsrnld,11
kujira1pfpk6rsgc0x7g8q7y0yre86ej2enr8rh4zs0kc,1
kujira1pg0lfu3t045qj76k59kfj24xvdv8d4g9uf8e5g,1074
kujira1pgsrgad0wu3gghvrr5pkw0anm2r0wp7jeazt6d,8
kujira1phaq7z5zrqjd6n08x23zl4wagyf8emt3djh5ht,293
kujira1pln34chd7j2x0s0m33z8mgyg4rex5p7vcp2nex,603
kujira1plwu7s4kpw3nj292c2py4zgquzjy25gk7sj3ha,615
kujira1pm8jhqcmjhh85u5ja0yqcahk42n5dsgcewam6y,21
kujira1pna9hxdf9u8uf7z6rshs6la5a2f3qp8468lnr2,2757
kujira1pnc3ryv72qelzxmvq5k0c4m320dutncn6mfufw,13
kujira1pnlxypx2dv2utac8hfpm68h9mnnnjvyx8jnxhu,268
kujira1pnxhyt9cpqyuh4m5548956pr32h9xz552d76z2,564
kujira1ppnxagxvcgmst8n3qsk6rmm4r00k09xd42689d,65
kujira1pq3nc2yqg9sry847ju66r8we7c0dkvqjpj2qvk,324
kujira1pqc6dvc8fsa3hj2dt5vcwqnq0u3pgq7fljxwvq,111
kujira1prk4pyjhk0z8jwn7qz9ppsz98aanj0rrkvncfy,354
kujira1prtglyuvzqvktp70w05g9fpdnest4qd6xglqky,163
kujira1ps6f67034fp22nqpvkur5pry039nfjpuawv4y4,57
kujira1psrq9jj9w3nxa5w5rmpavuu9vlxkcseu0ena6v,150
kujira1pt7erj2ffamgz9n9ankqzh8krqzkdg7ef3mmqg,2988
kujira1putjg6lzz4u3pv5wyeer7nwmkh6t6lev8m9jdj,131
kujira1puvsznn7wlrxkf4ulvfeekg2j8nkmmezckt9sv,50
kujira1pvjdpz5t23hy7wfv30cj03hhs3rufkpfqakute,160
kujira1pwkracylhhdp35fcrxml6mkvg8af0mppt0cq79,1172
kujira1px4rpuuv0wdyy8qua7cnswzjsaa09xjpxhc0pr,63
kujira1pxh55qj7xfkayesj4kneqrrwlkf000f8k5d8ty,9263
kujira1pxnmvwh2eg2gkzatdfnxdl37wjzzr4xynpquv2,7
kujira1pya849q52x75npxxge55xr3pewd9mf7gxlagsr,40
kujira1pyccy8msrhy7epfrs06s56xja37hwnwn4fv5pq,12
kujira1pynem7frgl5kj4snxag5gcpgqqac9g0qccg4ep,65
kujira1pyp3lwlg28zntcpwq87spsjm2sdng32qulmxse,20
kujira1q0k3zstemzx0k5x7v7jz8zwcu7qqyzys627g87,200
kujira1q0murzq69uxfkkc24cg3ns70nvlg97ru4nx038,633
kujira1q24sfhrwya6xv5hg7f8naa2tdnfa8y8euq398d,150
kujira1q308uvw9lpyqc507732840nkczx9mv5jde02x0,5200
kujira1q408u0et7rmqvdq5qkyz22jx7jtxqp5a0yk63f,2
kujira1q4ht3twztlhpmc4zhfsj3sq58qtdhnxmhdpnnz,200
kujira1q55wnqg0cf0u0pg5futf9zrl8zqagretdpma04,40
kujira1q5x63dwfq76cgqcry05rpmyf9ylr9jcqqmhmxv,14562
kujira1q6hkmm2hj3g7yqhq3qx8gahq30zuxqdgd0mkhp,278
kujira1q6lr675ut5kz32vmwmpd0rc6a3pdr720004h39,59
kujira1q6n8z4afck78ds80a35e7qqtrg57tlg4l0cucz,2
kujira1q6wutgt57f3cycaex8q0sze53tuc99e0l38eep,1300
kujira1q7txze0xm2j0x0y904ywkly8kl8wmy2gp85sdd,4
kujira1q804sacllc07va0nxrkje4jmk0m3eku7zkw9pu,325
kujira1qc27f3e0z8q449nf6jmnpreyftn9nd2khk39f6,65
kujira1qcl8m4qje7qm33am779ynx2te9dp3y58fkspna,43
kujira1qctsnew9jprsk2jdngu6ddemgd3h4f49fmyd6l,133
kujira1qdp7869udsjt77lnse555e86ss0zjcxeqymfng,20
kujira1qe86f8rt3hlzsspf7efq3h0c3dlsyfqw6t6ndu,5
kujira1qfa6fzp5u6aclzn4l2x635txdpfhmn93l3rt59,30
kujira1qfshwaw806563j4kmn863rftewsm6h6wm4vgrm,4
kujira1qgktu7xkzvqawtks6450jw4xj7s9u4n523qxd9,18
kujira1qgq5e6dlmvg0cjx28kg8l8r7rgastfsjlsm40a,50
kujira1qh572scllfters8erycfkrlacnjh7xt73ywydh,197
kujira1qhc5pdg7p55a2pxd3h5qusf6chvdpfem0avthd,1102
kujira1qj3j9ehrwweflhj59ka6rwc234tcd59vj4l894,1280
kujira1qkzqdx4l2r6gf0nmw3n0jmv2dust2kc46qkmsj,2216
kujira1ql7apde38p938g93cpaqt6043ners28zy9tw08,23
kujira1qlkhvpzxrltpy6pfc02tfm43hpg8mtqzzvag0w,38
kujira1qme60fdxgls3c5c6kqn0rqgdegzkszc5yeqvrr,50
kujira1qnfppzd4hjvyge0h740ftwvugjkakwafvutzvt,2500
kujira1qnm7vjlp06set0r9dxmlxlssz4l7l9qmjjs4vj,20
kujira1qpeqe8h0yvt9e6q2nc2ws3htrdtjzsm70pa8ys,4
kujira1qq2j2hfwy0nepnlvttvnzywff95u5v7hn0mulx,15
kujira1qqptqxgzwh6dldtr7tk8lwuj8uvgfz7c4ggm85,1030
kujira1qs6j5dnx6j490lm75gq4ul6gav0atv2vr5t0mk,500
kujira1qsdkz28c52as2ar880vde8mk3jpqeh0ha7hv02,350
kujira1qt5jnkqnrn7mx9qhq5jgrghrqxjrsxrqrdsyfs,15
kujira1quarksa20wcszgqllmw3u7ckan6r2qzyvhtzaq,1
kujira1qufr05prujevjrj7dmjt5w6s2el3paax9lj80y,1000
kujira1quv00c7fu7mgx7h08dftx78ldj50uvzghz9jc9,50
kujira1qva6sce2yvrnnkna45e0uf4gjgzxd8taa84683,1478
kujira1qvmpf9y7g8hqu68f5mq5w9fkdkjkv5jwgxd605,7
kujira1qw70xh24jcn86a4a8qgnxlvxw3wzggjlskk605,189
kujira1qw7ef9ku3z0v3zrzexal6kznchxa38tt633pnh,415
kujira1qwmuq7wlspvfextwqaqs836wq48nqm3ym6mkhx,420
kujira1qx4p2ye4uruyeyrqxqtjw7nyedx55nnpaumjh3,1235
kujira1qxd6ge0dxa8fe8qzc4punqramqcq390trv45uu,410
kujira1qxvqhff8xkuyd8l6cjwlpefammtsku7mz6fk0a,150
kujira1qy7wp6fv79ggt5skmr5jfqy6prypc2ey356d49,35
kujira1qylmu92gtyqrlr506nnxwfrvsyx6rxp4l4n5h4,50
kujira1r000nhpy9fvtm3km404tngn8y8qyv4fp3rqd3s,30
kujira1r020k5d5p9sc2ytpa38dt56vup8m42yahaa4hx,116
kujira1r05pf30c9xtjelpeuun0v7ufrx4vjcak6eu4q9,1560
kujira1r22gj033ajluqrvqwdfjtnqvgc959cxre08c9d,245
kujira1r2d3tm08hqjk7xn0ee7qtplseuu0vm29mf8q2c,23
kujira1r3sfq6qfxmnna9ldfl5mf4cxkdfj0fac8m3397,140
kujira1r4jr5767u5vutfqqmtddqap7fhs8atynp5qyyg,10
kujira1r4r90d6ph9ruyvu0lug7u9aadqj9stafhyj6ye,399
kujira1r5g2ngyjzq29xk3ccw230fh376v5l025esz7zc,90
kujira1r5n5uy9wg8vpclk4692xg5kpxs22cnlng7jgv5,349
kujira1r5tjkj5x4kc98n5syy9spputcvgsfgq0pe3nzt,41
kujira1r6vt4re2d6vu75hx2appcpn2u3anzjqjz2d6sc,1
kujira1r7cz0hrzph2rdm4h5rczk26kcqnmj8lh25lq0y,26
kujira1r7xj6tjvp5xk7ft78x8luf407lmxx08mmxsv60,632
kujira1r8jzsvvy9es4t32pe9ydejragudzfepp822u7w,140
kujira1r9thvudxt66acdc95glynmum09ae4xa3g9ngaa,10
kujira1rarzvw0aywczl86nchl77xpc24vyhzpx06fjvw,70
kujira1rc2dt33ckn9wsmc2gs39cfzx4chhnrncn60f5v,1
kujira1rc753ctdtcm4xucvsvy0jxjkfzs2s6grn6xyjt,28
kujira1rcnqs00jrvzk6sgvn4xyar7c5dcmtct04ppdur,8000
kujira1rd5v839pndaxn2kkpj9s9dy79sy4q9dyqts9wk,22
kujira1rdg7ec7a8men3dvxnh5afkpdxcevqkrk9t4dmn,9
kujira1rdm7hnfk8tuwvmvegydrxda3khkvknhsgspjue,70
kujira1rdqf2gqpfncd06u6hjexjswpsss32d66sralm5,77
kujira1rerw0v6u8d9pn9a3ruf5l680nw8m6365p4cc78,1325
kujira1rfxrn8f54f22w98wkctmge3eqv6v3u88ncrv2s,587
kujira1rfy08s9jhkrpk9avc54ncesptsmcp9pa3ksnpd,690
kujira1rgf4dznny6fx60yjwmq27xxs42vl34yldxfszh,104
kujira1rhr0exl9rzel59xl7u799urp7fnyrw77ktecqa,179
kujira1rhtg822uwl85zpkd4hxupxc7trvlhpe62j9lej,4007
kujira1rknrapqtccrj8qflfaywajg2yj2dd540nl666l,5347
kujira1rlr8pxkfgxjgn9mn37r5nuaf2zlgdq9geje9r7,100
kujira1rlsdrt7m2aat7cvjvks00n5srq5khllqw4nhth,43
kujira1rm5gzhcv2y9eqls2003qalgxkg5uwf04q703vj,272
kujira1rmk0ztuhd7txscp7jr2srfjn5vvsdw25upnepz,736
kujira1rnlkyf5egr0qmzsyhqs8chc97juxpp94p809fz,63
kujira1rnlrt3rhzqxkp32chwkxm5pexw3vdqy8ax9rhs,255
kujira1rqxmlk4evlt5f94n8upaflt64th6rkx7qdwfv8,39
kujira1rrns6qd70dl0zuwlnytf90tnyyvux7t5h73qyu,6
kujira1rshfj8jf7m75695dr009yn0alzahj3z2zfeqz9,182
kujira1rslg7tjk2x6qhg6xaels6lflcx4k6vlj3lfw86,1
kujira1rt6c6fs94xrcn50mve809vr7u9mugt74qhauna,103
kujira1rt6d67zpgpzrx9eur0j7p0gmkxzycqhr3gm82z,210
kujira1rucyfta7hjzm9kx20vaf0rfvk62tftesys4ka2,886
kujira1rurgcwllvdgcn0jntu663qrqnyupl9vw8mrxrq,1411
kujira1ruuqqmf734xx7qf56xdksu3ulrgfx492dxqxsd,122
kujira1rxnnhqcmwyhl6u7eq709tkdgj9ylhlqvf2qxu5,17828
kujira1rxvnh0zfzp6tpandg75z4mcze7rkme0ycnr95t,3010
kujira1s0d9jvugwshucezw5r7uutw62dvj654yx2envr,807
kujira1s39rqfhxlsr5g07n2eh8nkx62tnp0xqrrcz2qc,651
kujira1s3dkaek6qxsfc50q22gydxes49y73r24y2f4xk,10000
kujira1s3mhfhzcq3svumn5qt8980z3227dvc5q5aecag,100
kujira1s43d82z8l7u5nlv8j93h7ems8l6nwxsm2yx2fj,231
kujira1s4n3y72em4wcyhvyfxyxnemdcmgepczkt2efsg,378
kujira1s4u8qe4uc2fw7jk7y63ts5kqqf0aquup2yuxhm,5156
kujira1s5dtu5pywamqc9kuxu37u9p0xrj4psmj28lxrs,19459
kujira1s6k0ntzvm90jkc943d5kjldm4n662est0qqmrl,31
kujira1s6r6lq49yx7kv4nc7203mcu4aexuvfh3pqpkg6,12942
kujira1s7mrzwkztgn2eh34rdad0nvxrcf3hywel8fwty,10000
kujira1s7rcjrclnjguy8pypm8p9zv6z29tfmxlqmlj9k,359
kujira1s88fjk3f75c33swcctyx5hs7scya0ntkynn4xr,297
kujira1s8cu6twr8yht7vg8uh3cddgjz7y26eaa063yfc,182
kujira1s8wy5p977yljnz62gzsn6u4yz57pan24v027zy,907
kujira1s9e5f49ynl664ny45cuckyhyvcx5hyaj555gef,50
kujira1saz2nvwyr87aqu60qc4gmnfl3s4s0qquywfatc,220
kujira1sc5rnt32j47qctdgyejrmxfkgtjdy2hyshrhr0,15
kujira1scfamqzcd25t7fwp8lmk4qcq2gfkal9hea2r6a,1107
kujira1scw7m03vndzqj9y7qg4dgpwvhglmcj2tjfgmxa,265
kujira1sdjkxn6d3480g9xp7hzhzz2dlza77xpnfhcjwz,65
kujira1semd2tv0j3thv9em705ya7k2kf89qycr0ej7pd,115
kujira1sfc4ltz3ju6kkj9ejsluca79qmp33ssvvuduns,5071
kujira1sfu9uu9puan7q0akvmfhawaedyqjdgrh2558se,1
kujira1sfx53t9fn5vmg2d7f8wjg6qyc6cjx2jzmfu97f,1
kujira1sj654k6r8s2crp3na2svjdlk9wmsfuf23dcvsa,3
kujira1sj8kad80eengjlwuql0u4d02ev5j6zthys9qgh,507
kujira1sjuxnl29urnczs0w79emrjttd2ydqyugwk3j3p,10
kujira1sjzvlcndzmf78g5m9sdmwauxuf223aduewdyqz,4368
kujira1snee09syse52pssf00vjkaa96t34kxvc8arxcj,10
kujira1snnphc4n9d2cpfg0a8w3d3qmt8sh7ha45qnrp5,25
kujira1snvzk0savpyec3lmnsfmztpgq28kmlnnggyt7n,1000
kujira1spfuppc6lycpzrdeavg4a5mplflru7yjz92zla,147
kujira1spz25m7auljxukph3pr3felu43ceyx4n26s8an,101
kujira1sq20kvcjufh4xcdt9cq7cd5axhy5sgsmu4z0qv,1
kujira1sqm0rm2w52lg07g0v9kynt6zqqghlfvu57gmza,5
kujira1sqvy2tquz0tqpe3pufyttxswdmxnaqt9ale45c,50
kujira1sqzafnaq0ma7m2x67k0m0umk405ugtupln5vlu,501
kujira1sr00v6fzghv6qszk6mk8htunjt0vustv5kt55m,111
kujira1sr0s7t5vskgkdeuqw47zatvdlhfhvuwk7ve6kv,3
kujira1sr200c7wxzwh32w06khvw70vlc0rwglcdn5hjg,957
kujira1src8r0pw4m5rpq2fvhx9lue8gwpn4vy3hhlv8s,2236
kujira1ss2hl2y9gpzz84wrswn7fstfgy6wm4w89adgsq,72
kujira1ss3vr6zuyq45ejcqu3uaj27vmqp8utkueq3gmu,2019
kujira1ssuave3plpmf07f0y9pssu86x8mffkf57zqjcl,201
kujira1strxa4pyzphfv9pk2wthucjp5ygr9kyzp6x88z,1030
kujira1stw36n5qdx5s50ut9gtlext93f9tr2gwy9vdfm,50
kujira1su0gknytwtjk8nuvu333ff06lkunq997amxztm,453
kujira1svqnpu3twqqz7mzjnxwx6fkgyyl8rzzq2rtgwn,2509
kujira1swsyt5r2xr558099eel0356sj9e3yge0ev09ur,53
kujira1sxh2n0pq8yqsma73fs0n7camp4td9heuwa48jy,256
kujira1sxjff8lc6wpqukspsma7xcpxaf4emeg3fkav2u,49
kujira1sxqgujx7lz05035llucxeaj8m32ek6hpkffye5,82
kujira1sy6ldkmgudp7sevucr9f860ppjdv3udcgm8235,15115
kujira1sy7agwdr9t7jr9ya0je23yx9vlssn5zpl3f55s,3
kujira1sysad7qcr7juaj9dqlax9c5zzjw8e7efy22uqm,209
kujira1sz5wwjnq7n3495s0pvrjumtds29n0p8jvq3tk2,339
kujira1szll85m9ng8fqjetz79v4fa2ruqmq98dat7whx,1950
kujira1szms8659d0gd78q4x5vl6vckhc05xhrtyrf60g,233
kujira1t053qpny94rt6f7hvy4crgu79rd4gsan4nuee9,21
kujira1t0hja22e9mumm9r3fqjv9frk44sjftczglsrsn,757
kujira1t0p0fesm6n9x7y7pz00z4g3ffw4frde5zdw0fc,104
kujira1t0p7cd6z7647ymdshd9ctgusscee4jzec4ll9f,216
kujira1t0wc9j6jsut6g4chhzxp5ledqd3wx53tqfmaf2,20650
kujira1t2qnlqrz7cfmnewm47gjsktuqsrwp3e56pty3f,1177
kujira1t3d0ah5cfxmag69x8dvna9tpkaya873f68cvzr,24
kujira1t3qp52hf5p4julm52ftssqxdhpvyh9c0rtnczv,131
kujira1t4ep7q5fwpxthg67qcxlatavl9crxdgyx9edu9,10
kujira1t4necz2xqfquy4zqqcx6xvtse49czz6fc0flxj,110
kujira1t52793w5rr8z4c7yxwjrqeahrp8cckl2qdglpz,25
kujira1t55df4ey9gjdxfefw692xck45t8eycdpsvye6k,20
kujira1t55v63cjyc6hj9ade2wz6t6u5j6llqvxvd4gze,180
kujira1t5uzryzgdgtsey0x0ntyrazk9kpyqhx0z2k4um,24991
kujira1t5wmu8x093ac6xsvqdm2v95a3ekk7fsrr3wqjs,50
kujira1t5zgnfz0jrvflywjmgs95rey3un57n42g0v2ed,360
kujira1t6cg8gt6h6glcqvccljztppqjfd36rktyjqm02,10
kujira1t7kggne7kpsrctfkau00cnkp4lu34u7feyhal3,2
kujira1t8sqv6ajetuyukr5v9pl8u6xpslzptady7sdsk,19
kujira1t9e2s4cftjkqx282egju63fqw8f952kd2s365k,37
kujira1t9hgm2jrks0hgntzsmnwjr24upqpwxs75c3rul,251
kujira1t9tln87zttveluwjuhcspjrceasw99ed5mhrck,92506
kujira1t9zg9055adn7nma23rj9le3zs0dv4qujc0ekd7,1
kujira1tacm3u9dmd84jw46y4mzx8tjaeu0tvtksu5yfm,53
kujira1tahty7aqrekgmmc2k9mle6vy5xu2jkdqddrzgp,81
kujira1tapjtvaas6h7aludtf59zfq5s8u6y9njhqp75s,2003
kujira1td5dazw72qal2rycnlur3xsjkz06q6v7dm8rv6,1500
kujira1tdz6vcrnu5akpx66kwmj2c34yst3kvhu2fw3dr,2527
kujira1te6uek95rr4je7lcy4qf7su9dt8yw6zklx5rly,105
kujira1tenuapf7j0g697px8pv4r7mne4hgw570eevgrc,23
kujira1test84jmrw2ltmweqdfvncn0c7ysf0yp34djc8,1283
kujira1tettdt8ftc449pza0hw2gdrnl6pksdjngc0uuj,86
kujira1tfknxt857r4lm8eh2py5n3yq00t3mq5eerh6qs,959
kujira1tg0kr6x74ytyjrx5ex74vk50ssszmlhdgwhhpv,13
kujira1tg20eujl62v226h0404thnu4pu42rd8vrm2j77,151
kujira1tgnjrks7tymmrujrnhk05dj555rat75s4r4mck,57
kujira1th574j7kwuvphmpm2kdl5n84kd6zs880ktsdmf,230
kujira1tharcgrfu6j0dcwpe5y6ez3s904rhq2kudtgfe,17
kujira1thfntksw0d35n2tkr0k8v54fr8wxtxwxcsehs0,3
kujira1tht0mf64wy6lq5axggh6j73uzga4mw5ds5tdda,754
kujira1tjhfuchkfdz973at5q7xdvux2mcfna6z07ggtq,2320
kujira1tjljrmmmszpwj3ac44e7vqgxedz4h23sdt56qc,621
kujira1tjp8zva654tkejxkcgsc6axja5m8z2sx2a2dc6,25
kujira1tk35qpxpn92tel38rz6aten7279xgy0almqcvh,117
kujira1tkjawkrd7zc3wnrk9gxhxk0gz5mat3v55fq9t8,792
kujira1tkvp6yhem77f5cz39yyxhw422tm4qcu5gmj30k,85
kujira1tm2574s2vxshre22dmp8lfxugp0fqqsrxjggp9,236
kujira1tm2adscqe6x2sfmwz76vwpy3tgm9tr3k09t5jz,2234
kujira1tmphj64qqwlet99wc5jn640uz7g4a6szz36q2n,2057
kujira1tngl57943azs5pkyawfydc4fhptzxkc8tjy63d,5
kujira1tp6jmrrf6hlhpwa8e4e590jvyvsdkvv8m60fg9,250
kujira1tpcelnpad6x2645xvs7cuyf4f6tj6dks6c5mhy,15000
kujira1tpthjg3qx0ht4nqzcyu662n90qhekxffe3rqse,2
kujira1tpwf3f63vp25sjzgu9p7awneyx8m7ran3yf8a8,34
kujira1tq0ygeu26xxl9gw4jcnquc0qds8p6mg0944p0s,54
kujira1tqlex8qlnk6pwphvk95guvucgh994yse9qa3wp,12
kujira1tr6najckswy2krca8ju7tqyamelcrmqz4n3ezf,234
kujira1tw59eezlx5j8kr0grl3jryug44wafvmw74su4f,1
kujira1tx5fu2d7vdyjn9jt7ppm9447n5xzj7m08gcwth,1000
kujira1txlc7kpzv3t062xudcqjrs3l75a4gjcwzt8ww7,101
kujira1tyhpnfk25gkvg3gpw5f9f54s9xpgprn3dcemfd,14
kujira1tyj3ls8w296a2pjn3ysyrjf9v0q0gfjy8tmkkw,51
kujira1tysnzcpr440lp6t6fyu59t50np6c5gnk6ga8lu,11
kujira1tyujxmtktzlpw2qd79p7qywk6smw5nucyu2jg5,5
kujira1u297p9s76zldgfmm9usqkenpltapacmy2lwtkp,1319
kujira1u2etw8rsrfpf8h8mnp9m5mw5s89d0pfulaazf4,203
kujira1u2unp9zh3mwqqu8lpd9wcxh8u2ughc7md2lgsc,500
kujira1u324nw7f2kemd8870rt0zknfr3yw7cyhzex2mn,100
kujira1u3qhqn8232m7j6g3ze4pf27fucvr07dz055cw9,96
kujira1u3rl7rcfvdpd6sp6m5j9hrqgud9xtz4rr58nvf,75
kujira1u3vemfx4s2sxdjulvkevhef233mddsxx8hp5ag,1
kujira1u3wmmc7dcemph37jelwc6hhysl3asaf9gj85wt,59
kujira1u5gaduhhs0ht3aqj4u74wfpxrqn0nwuqydpnzh,5000
kujira1u5j4l9x3kehxm7qntu6djdhm2lkrlfhmu55vp2,13
kujira1u7d5t4w9gam5ux3pnc7g3vamj23zk9jwyfjhej,3012
kujira1u7evy9k47um27l5pyqt8warmv922304q4ldck3,35
kujira1u96h7l9u8tqatdhxuw7hkaupqsl43dm62wp8rj,234
kujira1u9kz68twj20d5zklluh895xrv7g6ednptrsw3l,638
kujira1u9ypdp80mmf8rfw9vldaf8785dmx92nvm9dchm,6
kujira1ua4yw4lxhvjn0q3ksz7xdrkdtvjwzvqy0mw6ze,57
kujira1uac4c4hmn9svrm20jq58psjgmmjmjnulvepu7w,230
kujira1uaq57q70pxu4vmn0jzsnmcr7pkazaecyuyjqwe,1200
kujira1uaux0dl3gh40y9czng2eqn2d52uu8afvptez69,400
kujira1ud5z7k9j2wpqlf7lclftrkz7hhn4d2f2r6cyxh,27
kujira1uf8qzz9cag6cduehsaxnr6ludx3wqselytx08n,544
kujira1ughrlsnpgdhx8x7ty6mlgu74f8xxr4msjj7sy2,457
kujira1ugyrcngz6ghnudmu4ecm0gdhfaq2hup2cvhwe4,55
kujira1uha355v2eujvu65kqg2mynzedgrlfgs2ltuxum,10
kujira1uhaw63qgl6vfjxqaw0d876ms4dmjps8r9r57qm,2664
kujira1uhryuw296lqgaz3j22mhc8aym0vegrev8yez4x,4796
kujira1uj8kz7yc3hrwuycp2ans2r50zwskjvur46v6qu,3200
kujira1ujc2kt26d3a0x7v92e5acfu952j228f26eacje,53
kujira1ukacr8082lu35zuzh37qkdzq5tle78fh98rdzq,51
kujira1ul5masswpfpvwuytdfkkl6qjtgxv3dfku08a73,16
kujira1ul6m69jvjz4s3ra30aspwr3zx2w7w8p7gqe4hq,60
kujira1umpkgecjk2ujvhtv57wdvvhtdjvkc9cwmj0mga,265
kujira1umytn46g6dd405wm9pp4kd2wq9d8y3t0dw29k4,150
kujira1unn3gpqktjeenk56rgz4j3jqthj2exrst006xq,6
kujira1up7p4uhgzfzrk6fnqjes0wty9rv7q0yx9x0kgd,50
kujira1up86hq972kh30fzd8ke93nenn0gauvzkpdsynf,12
kujira1upjh84nm03gp7kjgu24sy6qp6569vyqmu6zu29,9
kujira1uqede9jl7jsdjhklkvudfgrra7dx7ceywll0c9,20
kujira1us4wlqckhdfkzw0w2fg3dj884gv88rvvr5a507,20000
kujira1usp9zktlfkqlalyf90evhnnqqwec6dlqhzhw5l,10000
kujira1usy2932nlw6t7f6m9fjevtgxkdzdfh8fvssu5m,50
kujira1ut55gnxym3qdefnkjd2qa4szwhjv457c8q9y6y,933
kujira1uthafmyylf9zk6n04y4s79alyp2r28dm80d75h,1
kujira1utkltdp0g96jsl464y3ettxtr7x4kfzx9sl9dc,1510
kujira1uu5p5xns7upz00x6xaky3qp4w742gd0p9xu0ww,500
kujira1uus4u47xtwmsqc6kauqkj9yjwar28h89nm7q23,52
kujira1uvuyswx23gdp4ygep9e68997dxxmg5qq905fjq,2407
kujira1uwqyp43r7dq5gt04hudx4vvxtzh6vg5yuq92jd,250
kujira1ux3j2h446q9yf5dvsw4mwa5fnf07ja9v8yzh44,16
kujira1uxeu3j0nglqzd5mwnjdyfhrfwhgs83ey208cym,66
kujira1uxthxgqhmxaqlh5u6990j48x5y0u2udfu88tkv,41
kujira1uy8xjmgq2ejalzevf5er2aa9fy2p6p7rp3euv2,10000
kujira1uyphdztvh3r4jv23utrht7qtgf0ref34fdyyhq,10
kujira1uz07k6e0txmv3agfczp4yqm7zsl32fkwj6u5v5,450
kujira1uz24mmgchjlmdt02rklgrcheghreulhn0760qs,30
kujira1uzzq70mql64xrgxlxzszdz999j0t2ahn083daw,22
kujira1v2c35zp594pkeg3l4kafcvyck0fhnl327mxgnx,20
kujira1v2gq5n82zs0teezz4wzu88mfwyy6r4uuw7alg4,220
kujira1v2kn3v2fq8msa650sg9ftv329x4kcm623e6u66,291
kujira1v462phn27tnjhlcpdpx6vnk6gd78x7pd47f7mn,2604
kujira1v4en6zq56ap08qs0drfh5949dnye68w9j8e85n,54
kujira1v4z4ytc5jhmvu4kydkjyvcs40drxm9fnasgdj5,42
kujira1v545gz9utvfp6vwwmpv6lwn059ss9teqmyqxcn,10
kujira1v5xlyxkzphwcqsjlc00h6s65wcjn4nntsqlz6v,10
kujira1v5y3cyyz54krs03hrms75znzz76e42q8eqnkc2,83
kujira1v6kdn485jkrnmpmmr2cl546a5dmlvlgg2x9j5e,200
kujira1v6ltlwhrstaytuj2z7ph4y3m6njg3lzrtc02ju,9
kujira1v782ws8gzwdxmutxjh9jg06udy0u5udau5vch5,1
kujira1v7pf3t86yecqpxjtrvdnlgfkfjmy5qfz0286fx,1
kujira1v7w4fs3eq63vfn5xqqh04pzuesj44u9epdplc7,3
kujira1v7xyjj2we4udmyyy68hhlv5gtamcut7chmva3r,34
kujira1v9jddmf4s6qknkpkd3t2tsl56jhmlnquram4da,21
kujira1v9pt2af4qxzrxrfj24p9lumjrnhnr3dlxlxvhe,256
kujira1vc82ukjglmazcpjqdd0n3j0e5jppjr596rzzt8,51
kujira1vcdavx4c4dr9vglmltnctvsj6juzj35lxasuyq,150
kujira1vcnrw7juht440xystcg6qzas3s46t9u2c7xjyu,18
kujira1vcya0lc6tyka8jdwpjlw9ullvvskcy22msjh2z,2260
kujira1vd09qjffsh09npmpqjzzwvwmgqwx825hc3w8q7,8
kujira1vd3l3plh0q8y2234kg8zk02d8fg6jf87mrz70d,685
kujira1vd8u3tlryxvlpdc62juxqjz8ek395uts5u0pgt,697
kujira1vderku780rnhvq7jpg7cq4snqjn8f4m5rf08as,205
kujira1vequuqt39aggk7tg4flh4rxh2hca8q9xhpmsvc,10
kujira1vf42ge6tjj5w5ewwmjgu4ckrdfmrjrukl9dfaj,25000
kujira1vfh72k8p556hq9vhv7am6luxuj0mqscmftsmes,7591
kujira1vfjzkqdet4tew8s60vsnghr2lpn9tknshw9rwu,39
kujira1vgryc9wvm6f3lv4m868t08kmhunahnu6wds32x,5
kujira1vgs2ght6f75u9xk42qvkewk2wfya34znfup7u4,16
kujira1vhvn7zkv592jjlnhjk28crgdsal25wnqsuchyh,50
kujira1vk4rmpjksqhmww88mv806j8jkn3kz77m5a353v,608
kujira1vkjds0kmxqrhcsy2f77r2v8kaywwtdn52qe3zk,4
kujira1vlkc3ru27xl2n5rqd8saz2ltdw649kuaj368ke,26
kujira1vmat43rfupns5svugh5y07e4fn89rcht663fmm,500
kujira1vmcmqtklx4z6k509fygrlj6j0jgkqwlt2tk6vf,5008
kujira1vmg3ute94th5gq6nugg8tp935vrrkgucxzrqhp,62
kujira1vmq9p3j8nksxvhjf7tdalg3lerjclc4hyyywgn,1
kujira1vmx85r4h6s6x33wa53kyusracrq6r3nuy2n4qe,203
kujira1vnneuwwg3c8k3t33hlww039ql4wn90spcsvkmv,1
kujira1vpehazjf45sppvay7ym876an2dqwvpex7kzpgx,2
kujira1vq560lns6ylh9c5a4wzyt8994445y2w7wwu3ad,15
kujira1vqurd5tsn293d3j55dxynknrd73cc7p2ch7h5f,128
kujira1vs8590zuh2jxhg7a83ql05jy3yhzfzl82apsz7,11
kujira1vs9kntz8z996k5r662tvvqlsv042gqj57vy0sh,16
kujira1vuseuysmdmvfwcngkk489jypugwtcq0nzrsl86,80
kujira1vuygqv3ql3sw58tvdxdzy2nqkkl7872s684n49,70000
kujira1vv53p79yh45tax6d8k9jng43gy0x0lh5erq75k,500
kujira1vwscpua783svhlttns5d3mfe5s8qjwet7su65c,181
kujira1vwv8pm0rn2u9wftmnlvvx8473cptnpdvrqc8fa,7
kujira1vxukjsv5n65zl8eu8eaxgv0l9c9lc492dl9m0n,1010
kujira1vxvmljtx0eyt4uk8ywuasvx8j3l2e8ll75m4sd,15
kujira1vxy7sgvqgjnnqltmep4zspn85ejz2k5c20mypy,8
kujira1vykj0stexj4pcngmpkflcskfm0ye0m830dgw4z,205
kujira1vzs7m53wh803p9adnphjfgqy0kz49plllzlgqw,10
kujira1w0w9rhf6fjd3rd3lsu9t02nteg5uxksjdtdpq7,1225
kujira1w28rzwhc4496wcezxuegctz845ddfm6ewa0rre,235
kujira1w2rr5m24slhuwt5yd6aeepf9906af4jzzruz9k,754
kujira1w347x0f95ecpm4mtutknaxx7k83z8maypejplq,305
kujira1w3qr5egkdk7k33vw79hemdsxene5zv8hns2lsn,365
kujira1w3qr8pgzh880etnymxsc0d5l5wx247ccvz0f56,34
kujira1w3tsuzw776pjeudcezq3yhzv69ymt8csla53cg,500
kujira1w3x49n5dtuc72ky8m4vmx8pkrlv33vnvxareac,5299
kujira1w4ghxwfjpw49mn4w9e6vq0av69jthl83wqm95y,100
kujira1w4mhvxws966kyj6u5sw90czmhu2rgwjv03uecy,536
kujira1w4sqg77epmduxjf773f5ne2wtx4rghs54ce2n0,1202
kujira1w53pwenq62wu63p3cpl2jxaa7txs20y70nyvv3,2000
kujira1w5dqa0gt3fuly75adp5d6a2kr3p0j3ydnjnhk3,134
kujira1w5tu3vmsfgwfqxvyysq00zfqqles6m4ntq8f66,405
kujira1w6kdmvr5n7etge2phgv4utj2468l00welhl9t0,1
kujira1w6r8hralcqptxn4caxcpepcr4zhmvjxxfrszel,136
kujira1w6zyr4dw809e5vyrkyp5qy0y40njw6xugszg5v,737
kujira1w73hras4sxluw05mkm6dkc5n9zgx72qt5wplnv,284
kujira1w83rmdhrqudkj5qgs0c8lea6ypacp553rurk9p,30
kujira1w845ckm4cdu6tj92qlwqknqxhvs2da3sgf5ry8,19
kujira1w8hkk9q8fgx854hx9l7xfj3esggs3sjk53rzru,1
kujira1w9pds0aqeycfy8cgcuncuqnumw3ursfw6u5fru,5
kujira1wakhr5grafq0s2h7fyna8n0w4nyzxcpp60tx0s,1000
kujira1wde0zymveww6030eaywjc3cm7nzfjfyhskst98,1097
kujira1we8y6ndpclggm4q8fxm4xe97ssjmuvtut99u7j,206
kujira1wffszaj6nu3pq9lhmrt0pdd06ef6qm3zj2wf9m,101
kujira1wfyaqhxsczc4mlgk54trxznmqkld09p7ujx2mt,13
kujira1wg4l7y8eak4daafecgexck93zhfp3p5wavswgp,1000
kujira1wgahmf863takdln7z7shfsw4xwn8tkp0rkcxwh,282
kujira1wgjd6skjxc4e4wrq0n9j6u4adqe7cvck42t07u,51
kujira1wh3jrcu8zavuk8jdxh082wke3ag9c4nmju0y09,102
kujira1wh3nwe6gcgf3vld5vlfthjqk40wxkh00cl6rrw,200
kujira1whdqtudurfkkgrgpe5z60g9n2cyf4x0xdrpr3g,250
kujira1whuhycpkc46gakq24gd5eezv6h4c0rx0uhsec5,2127
kujira1wkezn65hsp4l49alu6hp0q03rt9glfe9n2axl6,2
kujira1wkjfgveqeq9ts57km0jqy99gpz3nqv3j849v3h,200
kujira1wl8dx9arf5r5yhqdwv8jwpywld4schnujaacqa,212
kujira1wly7n49t8qvcznypgcek0uy4p7td0tzt80s2pg,757
kujira1wm24p0em72c7zh5h49nxgjh7nzsuk0uwqqn8lz,1473
kujira1wmvvnk6gx6gkknvegslgrydmsx2khrdtzxh3qs,328
kujira1wn0schdngyc8qudg8n4757zytlp5f39lv7lzvh,10
kujira1wn5a08qn6fq6lgs3k60sep0hanmxvsavunuk5j,5
kujira1wnxlym3vknyjqjddlgsheaf70smvv580639vkh,2
kujira1wppng67g4p3mlj3rp0fhaytq7mrkhk63hq7pxw,1400
kujira1wqeta3yhsyu7lu46pdzc9pn9yxf0cmeagz7jcd,50
kujira1wrm8mevp36k9cyer2qxxafjga3za0mqacqunrl,128
kujira1ws78r04c8nemp2luu7wms2wy2wklurn7xfd5m2,59
kujira1wt4amhjly7k9nj3ef24l9ncv8eywtlnj90syl8,7
kujira1wtcp7m7589vdmsse30rsrlt357dwy0qydvtq6j,121
kujira1wu4kawzdqnklqy2m43glsztrqsuha576fhruae,1133
kujira1wucxl0t3dnnc38epk5qs5tc9pphgfjywlcuyx4,100
kujira1wux822226f3cjykpl3utxsruukulcshpjhvcg4,20
kujira1wwas4jprv3e8k8y25vchh4780xhx47wrtanqsp,43
kujira1wwgwdx4qzjxscfrksy33leg88tczrplxfxdp37,1500
kujira1wwnjxxsg9auwqw4d8gydemmw6ln05gqu96mvmn,257
kujira1wwp25hhjm82xr60rkq2vvhue28dzssdahf2y73,3
kujira1wxftsh6af8hs97ep6wmm8cvfvk2hvwhm8s8qve,20
kujira1wxg7t9r6z9amyplyh5zlq0pld6g7s6683dllqy,50
kujira1wy8h4c3k62hh08uk4864z5nz79755fsgq4r0zt,5
kujira1wyhps2nhmyeeacten58lksc0jx9fnwq5wftrju,695
kujira1wyrs9ez2snavlg3x52scyjex864vmtxgyrnrk4,2
kujira1wz28ge5r2v8pavhuccz9229x5a29xqltlaf3g6,7530
kujira1wzele4enmzppy8pd6rxltsp7c0pjftqn0ny9ar,135
kujira1x057elaey9680e7krqsg066wxect7vs93tu6w3,473
kujira1x0qc4f4f367avsrswugppalzl5ar58x7a4skjw,6
kujira1x0tv2yjusm42r0hegxw6gvgftayxkr4fudarxc,11
kujira1x0uuzzngw75cz55u5yxkzdukrn9t3ssel0f9dp,221
kujira1x0w3cj289hxcgszncscpgrvmdauuv9lshfehkn,23
kujira1x24e6ust4dsdtewuh4vcxrqddgjfahz3g0d7q5,54
kujira1x4c5u2gmr0l7f7e2trpct6rmpn7d864qqxey2m,102
kujira1x4hrvetcm7mzhk7xqt46tk8aq27cpclecff9ha,30000
kujira1x4qhn656zx06lr6k8xlefy22gnwg3hjzlp2tak,3230
kujira1x4skq2t3c3hhcrewxphqntlxwrnxvsexs5lxny,7348
kujira1x4snzw38uslmeu25tfwppjk3pus0cpjl75ala4,20
kujira1x550nqtktlyyevfv94nw85r57mf2l925r2jknh,300
kujira1x5q4vjtkpwv350dzw3yy4n0hg7uansz5h8nhtf,9
kujira1x6zv4hklpknnrvyuyxcsyjtyxgust52nhf9c94,3
kujira1x8eyejew20e3n0eh4auu005q2k7d2wrwu3evvr,30
kujira1x8pt3hdf47fshryalrkvfcu8hzw0tly6dva8mu,96
kujira1xa8hjsn67p6029j60jm95y0dh5uzdgx64x389n,126
kujira1xc4ter7gj3t97780wp8a23ncnv74mhalgqs0ca,215
kujira1xc8nvj9wrkrvcye0kku48tv4tzl0nx4qyjp54g,10
kujira1xcc3pavyn2zj59xe0rrwecyy7n5has0hnp4jwq,2044
kujira1xd7msw457czev06cawsm5h8hma8w5wrq2wza0v,79
kujira1xdgp0kdsqzmjzdyph48jggjzku7rj74n5f0lvx,29
kujira1xe7te053608ls7qqcknx8lztramq0f2j8qv8lh,79
kujira1xf4n5alscmyuhuyv5elnpns38lf64u8yp2karr,1000
kujira1xfghxy429nnjlqq6u4enuucq75e6hgj9e400f8,13112
kujira1xg2a0yj5t2d9twrsp8x7lw3edwytfn3xf77jp0,100
kujira1xggxjt3sn3xz2yw60qcp9ns9hysus2d8xrtpfz,658
kujira1xggylx7vs0fn26ehua0ztpsvjv553j7euw0gyn,16
kujira1xghme9epu0z4x9tr55uspcdxn0wvcgt5w562dk,5
kujira1xgxp2hch26n7xwhtap8xpsjkwh9epqsf7wwcdd,54
kujira1xh8ydf9rqxtyg7txh56wrcysadk3htflemxsvc,100
kujira1xj050ejzs04q770s23f5qftfs2wn2upjqhz3lc,33
kujira1xj9wg2aeeu6xkx7etk00w76ly73kugcnyxsppw,39
kujira1xjapfntlvpz2uf738lud7yvxcutkvk24c3tr7g,2
kujira1xkc3atj7vyjn7nu3tsqhuyhlfk3wp3akteh0aj,5
kujira1xklqh3xn9e77yx2kkhwtq5xsqfmln7wt7nfpag,207
kujira1xlcjd5vhgnvr9xmn8kqsut966zt0a5p8ndx33s,16000
kujira1xlk88cqn9lljpeu47yu7vw5z8cf895zcrp0y58,890
kujira1xm336aw55vjvsas0zphvtnkthnjw8hkp4rq3gt,25526
kujira1xm7lau0vas7elyxuyx9e6q4pg0uh3fwy20p8zd,2641
kujira1xmnrqqtaqvyevehll654aymlr7reycvvtv7xnf,103
kujira1xmtshk966aa50cans5twn0czx7j0lzw50m7gq5,225
kujira1xmu76j2cy9q4fafxggy7846xvm2zkfw4rtq7v5,500
kujira1xmv7rdc8q6dxxnvm94j9zhqdeuyh2dnf4ed4c7,150
kujira1xn929qqs2flsmmaq9ef3yphrhl2j8k9k3q9nj6,15
kujira1xnpytds00wsyy863lxtxfcsaet2jkzvsjcylra,2338
kujira1xnxtmjqt9j770pqmv4zp7ycrslqrmxwsjy2ua8,68
kujira1xq50t67y93mdzut3y06tv4k0gel7akq96dumqk,2725
kujira1xqc20kjde8jwzadgzzpykznslkaragqtcxqwvs,92
kujira1xqgyn7q534lckptdncvhwpzv09tfrsxrsz8aem,25
kujira1xrd8qpm3p9qdz2f5zdns9z8hfagps5nw45j5ua,10
kujira1xrfkdd6pamquamlqxvdlmh86kn9jxvk3fw4ffe,108
kujira1xt05smu3wv35n4qydt5xrdwcqnucqvlw22xy2e,200
kujira1xu2am6mr8mu3zywet7gd5wdf2q23rjhh0hdqn4,50
kujira1xv9h9kkcunl7crfl43vwykcjqcyqch75mh84yd,742
kujira1xva5esj67an3nculfq3ylheye93pzx5f04vhve,459
kujira1xvddzq79mplcha6nkp69l3qlj4rdkc5hmqn56j,110
kujira1xvr2seyuzcxqhxjftgvanvuvs2r0mvjtt7qv0j,504
kujira1xvunup2m747gu6yr5qpmpehal5tr654cam7shc,10
kujira1xwq5xh92hg9fg7hrcdsm03nzsmejarufnew8rt,145
kujira1xwseskrmnxrvesmad0xtyfvl3lx7xzkk6f3em2,161
kujira1xycjye6znx09afuffzvx3lphktvavmx2sa0x3x,202
kujira1xyheez983ruld7yqmkemaeqkp5dcgreme6p2vn,51
kujira1xynerx8g9q5rpp564cuhrhualfqqfpjtvk7266,281
kujira1xz462e8dm4evn42svlzp3mzzuumwdgj2pv78f5,11
kujira1xz92f5agsmnurqcx8wqgepjsvppw3e4kepq4xx,313
kujira1xzktgumtn7kn2g665w8ukuwtwxtlw8mx4w6w2m,520
kujira1xzuk0jetx950t2s9asgv3nl68kpwssuktnnmgp,1337
kujira1y0h9gn68p99n8fxm6ullng6f7dhlj6kvzg0zfs,37
kujira1y0rvaz0py9vgqf79e4zpt82yxhzqvm924a7yrk,286
kujira1y0x4xyrcclrpkgdh3h6vhqcc4glqz4wp0hl3zq,3
kujira1y2wevzj638ld6dfl78ydh6a4v6cjnkwx2l2ras,8995
kujira1y34p3fkv5qhlpl5tsvlhlmf8cfh6wnk9fhxunq,20
kujira1y4mxd9rankzysaugn52ac7afljr22myeln6ndz,849
kujira1y5qy0wr4vd6gtuwy3cafl5v6c8ff6y2r2hsp4g,50
kujira1y7cx6jmgz5umr4pf20fxp2mtktssncugk34p08,1562
kujira1y7d89csw360js975rusfwdefxqdzqmfzjyd5gt,1377
kujira1y8lzp8danh26us8jef74jgjjpshxnjxhw3nktw,90049
kujira1y979ssvnptkf8ytr0ct35xa9szn7tn9er6y2pz,10000
kujira1y9tf0gkjv4llh4v62p6z4v87gd585rgnhg7mus,68
kujira1y9x5knzwtmufhmf4dwlrykvgchg5yerld7a3ex,2
kujira1yapj782cpsx9u2nd4fv7yvqrumv9jlzr8vcly6,100
kujira1yav968y6mzrg7nlzdw95ga4cydzrdyvjs8sg73,100
kujira1ycuk78dy5ywdxljclnvlwdm0u5l0qsc2a0gj90,70
kujira1yd870npd3ksf22mlxjturjq6kjj3m4yyxdess3,32
kujira1ydav5f82ztcjdpxuc94v5ff6z9pgcp6fl9wspx,524
kujira1ydgfy54c638dnv5dqcl453azum29ezsn0trzzj,69
kujira1yeu7k53atk0jznxwpnlhnexju9w046r5dzpv6t,7357
kujira1yfgvyv3jxact4l6vkdfs0kdtsfvkd0chzhc3dy,64
kujira1yfuftk25tec4lvgwspetr8002stfkw6gyjcekm,30
kujira1yg36eryq2zgq23wnhw3fjs4ax45slw7a4kp5gp,56
kujira1yglvxpkpqvtvu35zf6j3un5vwu3xfccsyaugsy,50
kujira1yhmgdceh323wgmn57gf745ncp3dn67kfhg5fqc,20
kujira1yj66ay6a337kseqd2u37rvyjnm2vqtmk3grs72,240
kujira1yk877d8cglr4c3rywg7ys7qcp4u48kwdnqd2es,8
kujira1yl8czr4m6gfkvjvu3k3f2qmjfqsp2l0dcrcm46,180
kujira1ym5dydz2hacn0tt3m8dhhfran3mucsca69jclw,469
kujira1ymeugaq0evp02v3mk5rgauuwu5c86ay3rk0vpr,208
kujira1ymkqgn54q24feqxdlf9cuss98n79zku406kjw0,7
kujira1yn4g4a52smwe5lvd9c7fl8x7h5krfesum9m954,37
kujira1yng27xvqv0z7uszrzvcfkggdpnxgartqmgtnhm,19
kujira1ynx5j74nyjl4h8defje77vndnurl9up2xgf0jx,37
kujira1ypkh027cs44yfyp3h73r6pfsae5yvpepurzv5r,19245
kujira1yqd2exart78vkjzsg6glfxqh0dz3lq3rdujxz5,1100
kujira1yqxtj0ke9yxn2vjpe0v5gqc5zptfrzex2l2e2u,22
kujira1yscxkspc2h7cq7xvy4nwm6jfdz3qmya99kmrc4,2000
kujira1ysk5k9llucdxvrv4zm3xnkkzcklyvlpp74v702,4
kujira1ysnamku2synu3vfmhg5vj7232rpsn5u2p9tqwp,596
kujira1yuqyqyyvemh8zmler9la3fntvh3dqw76u0jrwz,16931
kujira1yve4z5g0keuqgu6al53n6dxtpgfqunmma2n44w,38
kujira1yvwjyl887wu9k34ggk6tjmw7sv42sx2ztdwl7k,614
kujira1yvzt8qd6glum8yqfs6qphvdt479fl3ajmxlu28,9
kujira1ywtlyf7yw69crfrgra4pcqg2ljjn8clahl7d6h,189
kujira1yxp82qlay8768867clrg64kje9dyv4y6jlg50j,57
kujira1yyxey70g7njyxdwhukxsv5me6klc6426zc3fq4,5005
kujira1z024vgu2v80dv0gg64aawnz8kynh3apue4pdfu,8
kujira1z05gcfyvn68axc04jzlq5cv2ugcj2snfvytrcq,1
kujira1z32qsutjlad4yufkanxl4mlvhe9wqpj4xwyrt7,1
kujira1z3j7j9tnl5xhcgzz2rnjhjr3rc0j3lvth0xwwm,75
kujira1z3p5gkh62r0nhfu69w2l9064chkw52yeczz5cc,88
kujira1z5dlp3eehqh20lgv8u25devedkjm567an3nny2,3
kujira1z5tq60s9zxu339j9pvdud4qeaued0xptl5s5p2,4
kujira1z6f9wm20w9e6zuu6u8wxzrtfsv2vguzqh45870,117
kujira1z756kngz5ka6ggnvx48yufdmzfjhy98ewj47gr,1531
kujira1z76mrew6q6644nyrflz9qhtzshv56wk7cn2w6f,55
kujira1z77c8y2fzjkkseacpcg9k0hnldxue5akks3wuf,16
kujira1z8l7umujphfzrnvhvnpsaa7gajffts8jave2ms,66
kujira1zalpt8wn8ffm4mhu83yce5led2r3mkl3fk5jma,20
kujira1zaqudfuqkep2yldjfyphk2rzpmvrqnheq2cu9v,98
kujira1zcy7h9vpj2g4w0xw3ta3ky977z6e6ht05erhw2,140
kujira1zd3yt35xecnlmqtjpzlmcyqcjp3s08vylc2vq7,274
kujira1zd7zdtnhefkyc8pp9t4ekmene6rpgjkpw55v4s,9
kujira1zdap4hxc3accq5lfj04ey4wed3up0235r06tue,596
kujira1ze00ppgvxjdaa9ea7w2003uxrtc5w77uhfcdqp,269
kujira1ze94ampn85y60zd5a5e8u9j9had8tcvr9n0pu2,10
kujira1zeqvfv3sd20jjltcv2gvnfwt7lcqcs0d7a4s0l,36
kujira1zg453l326xgrk5nm2prru4teqkym8zc9c29t56,93
kujira1zh7jmkpej65yv6rh4amvh8nyj8nwzcdkdpqqcd,214
kujira1zhccfhv64u4wlvw9fy2hjsjeyrjzewnatn5thx,220
kujira1zl54ztksmefhz8unhwxus9q5mspej5nm5xcf0v,14559
kujira1zlcn84t3yda0drypkwalctxeqvzc872v5gxa0v,432
kujira1zljt7fmmgaf9jt65vjzdsye43quvcrhaafzejd,32890
kujira1zltjeyp7yp4676dn90quwfvt9u30fqmwfwchze,233
kujira1zm3jfptv7ydafrd4un6ha7wvpjpaeuqllwku40,48
kujira1zm79pz6s5tvf4dsxv2vg45hnee8hynsvey28cs,1170
kujira1zme7m4v7s3za5flm4xfh6ruqcy8zqa64c47gm5,1495
kujira1zmk6sh6ahvg6wt0ckqvdxuszm77jdpk6ued8yr,2485
kujira1zmu3z8z8kgatymlrnxdx2ed93hc3fem6ns7xtu,205
kujira1zmw69femr6hz73ch6jddxu4vffxkghfg4qfduw,13
kujira1znpy8xveyszp7lfmpan9v650kvk25qmw88c3le,305
kujira1znyg0f36j3d9ucl7pkp67q9umwfkqfljw96d6k,47
kujira1zp5s60cmgfemy0s2kgfgmxkkldcu5x6tunhlgg,51
kujira1zpg2eqwzwpu8kx82c0yz9w6fwzjr4qcrs9znfe,100
kujira1zq4q8qsrwztenme2a3ehhknxadr9n5qw8smd7d,280
kujira1zqlq0slcear0rggnvcgsxpv99mtlyck8zwkka2,2000
kujira1zqrqju2txhnnwtgn0d2jutnassmg973307x8k8,2429
kujira1zr468gqug3cs44wwm505uvnkwp3f7utjhz40gt,101
kujira1ztmwptyv83x7gcraspz7ag309xktx6gqplegx7,55
kujira1zv7f5kgp5zz7lql70tnal87s5fvpjzwk9t4g6c,3
kujira1zvqk5x7ed3c680h2fk0rmxm9jt2r5adhkg53he,10
kujira1zxk9h3434pgwc69k6mvmawmkhc97zruckk2m9z,253
kujira1zxq5sp0wt3tppzdjshdz257my5dtvc25kz9tws,1249
kujira1zxszlqhqz9vypw4067zv60pygg0hcayecrtx9f,6
kujira1zy8g5x34cl5jf9204amywmy979zwdknexqgulq,39
